// Generated by tools/bake_fonts.py. Do not edit.
#include "beacon_fonts.h"

static const uint8_t k_ui10_bits[] = {
    0x80, 0x80, 0x80, 0x80, 0x80, 0x00, 0x00, 0x80, 0xa0, 0xa0, 0xa0, 0x2c, 0x28, 0x7c, 0x68, 0x48, 0xfc, 0x58, 0x58, 0x20,
    0x70, 0xf8, 0xe0, 0xf0, 0x78, 0x38, 0xf8, 0xf0, 0x20, 0xe0, 0xe4, 0xe0, 0xe0, 0x16, 0x05, 0x27, 0x47, 0x70, 0xd0, 0xd0,
    0x70, 0xf4, 0x9c, 0xdc, 0x7c, 0x80, 0x80, 0x80, 0x40, 0xc0, 0xc0, 0x80, 0x80, 0x80, 0x80, 0x80, 0xc0, 0x40, 0x80, 0x80,
    0xc0, 0x40, 0x40, 0x40, 0x40, 0xc0, 0xc0, 0x80, 0x20, 0xf0, 0xf0, 0x20, 0x20, 0x20, 0xf8, 0x20, 0x20, 0x20, 0x80, 0x80,
    0x80, 0xe0, 0x80, 0x20, 0x20, 0x20, 0x60, 0x40, 0x40, 0x40, 0xc0, 0x80, 0x70, 0xd8, 0x88, 0x88, 0x88, 0x88, 0xd8, 0x70,
    0x60, 0xe0, 0x20, 0x20, 0x20, 0x20, 0x20, 0x20, 0x70, 0xd8, 0x88, 0x18, 0x30, 0x60, 0xc0, 0xf8, 0x70, 0xd8, 0x18, 0x30,
    0x18, 0x08, 0xd8, 0x70, 0x18, 0x38, 0x28, 0x68, 0x48, 0xfc, 0x08, 0x08, 0xf8, 0xc0, 0x80, 0xf0, 0x98, 0x08, 0xd8, 0x70,
    0x70, 0xd8, 0x80, 0xb0, 0xd8, 0x88, 0xd8, 0x70, 0xf8, 0x18, 0x10, 0x30, 0x30, 0x20, 0x60, 0x40, 0x70, 0xd8, 0x98, 0x70,
    0xd8, 0x88, 0xd8, 0x70, 0x70, 0xd8, 0x88, 0xd8, 0xf8, 0x18, 0xd8, 0x70, 0x80, 0x00, 0x00, 0x00, 0x80, 0x40, 0x00, 0x00,
    0x00, 0x40, 0x40, 0x80, 0x08, 0x38, 0xc0, 0xe0, 0x38, 0x08, 0xf8, 0x00, 0x00, 0xf8, 0x80, 0xe0, 0x18, 0x38, 0xe0, 0x80,
    0x70, 0xd8, 0x08, 0x18, 0x30, 0x20, 0x00, 0x20, 0x3e, 0x00, 0x63, 0x00, 0xdd, 0x80, 0xbc, 0x80, 0xa4, 0x80, 0xa4, 0x80,
    0xbd, 0x80, 0xff, 0x00, 0x60, 0x00, 0x3c, 0x00, 0x30, 0x30, 0x78, 0x48, 0x48, 0xfc, 0xcc, 0x84, 0xf0, 0x98, 0x98, 0xf0,
    0x98, 0x88, 0x98, 0xf0, 0x78, 0xcc, 0x84, 0x80, 0x80, 0x84, 0xcc, 0x78, 0xf0, 0x88, 0x8c, 0x84, 0x84, 0x8c, 0x88, 0xf0,
    0xf8, 0x80, 0x80, 0xf0, 0x80, 0x80, 0x80, 0xf8, 0xf0, 0x80, 0x80, 0x80, 0xf0, 0x80, 0x80, 0x80, 0x78, 0xcc, 0x84, 0x80,
    0x9c, 0x84, 0xcc, 0x78, 0x84, 0x84, 0x84, 0xfc, 0x84, 0x84, 0x84, 0x84, 0x80, 0x80, 0x80, 0x80, 0x80, 0x80, 0x80, 0x80,
    0x10, 0x10, 0x10, 0x10, 0x10, 0x90, 0xf0, 0x60, 0x88, 0x98, 0xb0, 0xe0, 0xf0, 0x90, 0x98, 0x8c, 0x80, 0x80, 0x80, 0x80,
    0x80, 0x80, 0x80, 0xf0, 0xc3, 0xc7, 0xe7, 0xa5, 0xbd, 0xb9, 0x99, 0x99, 0xc4, 0xc4, 0xe4, 0xa4, 0x94, 0x9c, 0x8c, 0x8c,
    0x78, 0xc8, 0x8c, 0x84, 0x84, 0x8c, 0xc8, 0x78, 0xf0, 0x98, 0x88, 0x98, 0xf0, 0x80, 0x80, 0x80, 0x78, 0xc8, 0x8c, 0x84,
    0x84, 0x9c, 0xd8, 0x78, 0xf0, 0x98, 0x88, 0x98, 0xf0, 0xb0, 0x98, 0x88, 0x70, 0xd8, 0x80, 0xe0, 0x38, 0x08, 0x98, 0xf0,
    0xfc, 0x10, 0x10, 0x10, 0x10, 0x10, 0x10, 0x10, 0x84, 0x84, 0x84, 0x84, 0x84, 0x84, 0xcc, 0x78, 0xc6, 0x46, 0x64, 0x6c,
    0x2c, 0x28, 0x38, 0x18, 0xcc, 0xc0, 0x4c, 0xc0, 0x4c, 0x80, 0x6e, 0x80, 0x7b, 0x80, 0x33, 0x80, 0x33, 0x00, 0x33, 0x00,
    0xc4, 0x6c, 0x38, 0x38, 0x38, 0x28, 0x6c, 0xc6, 0xc6, 0x4c, 0x68, 0x38, 0x30, 0x10, 0x10, 0x10, 0xf8, 0x18, 0x10, 0x30,
    0x60, 0x40, 0xc0, 0xf8, 0xc0, 0x80, 0x80, 0x80, 0x80, 0x80, 0x80, 0x80, 0x80, 0xc0, 0xc0, 0x40, 0x40, 0x40, 0x60, 0x20,
    0x20, 0x20, 0x30, 0xc0, 0x40, 0x40, 0x40, 0x40, 0x40, 0x40, 0x40, 0x40, 0xc0, 0x40, 0xe0, 0xa0, 0xa0, 0xf8, 0x80, 0x70,
    0x58, 0x38, 0xc8, 0xd8, 0x78, 0x80, 0x80, 0xf0, 0xd8, 0x88, 0x88, 0xd8, 0xf0, 0x70, 0xd8, 0x80, 0x80, 0xd8, 0x70, 0x08,
    0x08, 0x78, 0xd8, 0x88, 0x88, 0xd8, 0x78, 0x70, 0xd8, 0xf8, 0x80, 0xd0, 0x70, 0x60, 0x40, 0xe0, 0x40, 0x40, 0x40, 0x40,
    0x40, 0x78, 0xd8, 0x88, 0x88, 0xd8, 0x78, 0x98, 0x70, 0x80, 0x80, 0xf0, 0xd8, 0x88, 0x88, 0x88, 0x88, 0x80, 0x00, 0x80,
    0x80, 0x80, 0x80, 0x80, 0x80, 0x40, 0x00, 0x40, 0x40, 0x40, 0x40, 0x40, 0x40, 0xc0, 0xc0, 0x80, 0x80, 0x90, 0xa0, 0xe0,
    0xe0, 0xb0, 0x98, 0x80, 0x80, 0x80, 0x80, 0x80, 0x80, 0x80, 0x80, 0xfe, 0xf6, 0x92, 0x92, 0x92, 0x92, 0xb0, 0xd8, 0x88,
    0x88, 0x88, 0x88, 0x70, 0xd8, 0x88, 0x88, 0xd8, 0x70, 0xf0, 0xd8, 0x88, 0x88, 0xd8, 0xf0, 0x80, 0x80, 0x78, 0xd8, 0x88,
    0x88, 0xd8, 0x78, 0x08, 0x08, 0xe0, 0xc0, 0x80, 0x80, 0x80, 0x80, 0x70, 0xd0, 0xe0, 0x30, 0xd0, 0x70, 0x40, 0x40, 0xe0,
    0x40, 0x40, 0x40, 0x40, 0x60, 0x88, 0x88, 0x88, 0x88, 0xd8, 0xf8, 0xcc, 0x48, 0x48, 0x78, 0x30, 0x30, 0xd9, 0x5b, 0x5b,
    0x76, 0x76, 0x26, 0xd8, 0x50, 0x70, 0x70, 0x50, 0xd8, 0xcc, 0x48, 0x58, 0x78, 0x30, 0x30, 0x20, 0x60, 0xf0, 0x30, 0x20,
    0x40, 0xc0, 0xf0, 0x30, 0x20, 0x20, 0x20, 0xc0, 0x60, 0x20, 0x20, 0x20, 0x30, 0x80, 0x80, 0x80, 0x80, 0x80, 0x80, 0x80,
    0x80, 0x80, 0x80, 0x80, 0x80, 0x80, 0xc0, 0xc0, 0x40, 0x40, 0x60, 0x60, 0x40, 0x40, 0x40, 0xc0, 0xe8, 0xb8, 0x80, 0xe0,
    0xe0, 0xe0, 0x18, 0x08, 0x04, 0xfe, 0x06, 0x0c, 0x18, 0x30, 0x20, 0x40, 0xfe, 0xc0, 0x60, 0x30, 0x92, 0xf8, 0xff, 0xc0,
    0x60, 0xa0, 0xa0, 0x60, 0x20, 0xf8, 0x20, 0x20, 0x00, 0xf8, 0x80, 0xd8, 0x70, 0x70, 0xd8,
};
static const beacon_glyph_t k_ui10_glyphs[] = {
    {0, 3, 0, 0, 0, 0},  // U+0020
    {0, 4, 1, 8, 1, 8},  // U+0021
    {8, 6, 1, 8, 3, 3},  // U+0022
    {11, 7, 0, 8, 6, 8},  // U+0023
    {19, 8, 1, 9, 5, 10},  // U+0024
    {29, 11, 1, 8, 8, 8},  // U+0025
    {37, 8, 1, 8, 6, 8},  // U+0026
    {45, 4, 1, 8, 1, 3},  // U+0027
    {48, 5, 1, 9, 2, 10},  // U+0028
    {58, 5, 1, 9, 2, 10},  // U+0029
    {68, 6, 1, 8, 4, 4},  // U+002A
    {72, 8, 1, 6, 5, 6},  // U+002B
    {78, 4, 1, 1, 1, 3},  // U+002C
    {81, 6, 1, 4, 3, 1},  // U+002D
    {82, 4, 1, 1, 1, 1},  // U+002E
    {83, 5, 0, 8, 3, 9},  // U+002F
    {92, 8, 1, 8, 5, 8},  // U+0030
    {100, 5, 0, 8, 3, 8},  // U+0031
    {108, 7, 1, 8, 5, 8},  // U+0032
    {116, 7, 1, 8, 5, 8},  // U+0033
    {124, 8, 0, 8, 6, 8},  // U+0034
    {132, 7, 1, 8, 5, 8},  // U+0035
    {140, 7, 1, 8, 5, 8},  // U+0036
    {148, 7, 1, 8, 5, 8},  // U+0037
    {156, 7, 1, 8, 5, 8},  // U+0038
    {164, 7, 1, 8, 5, 8},  // U+0039
    {172, 4, 1, 5, 1, 5},  // U+003A
    {177, 4, 0, 5, 2, 7},  // U+003B
    {184, 8, 1, 6, 5, 6},  // U+003C
    {190, 8, 1, 5, 5, 4},  // U+003D
    {194, 8, 1, 6, 5, 6},  // U+003E
    {200, 6, 0, 8, 5, 8},  // U+003F
    {208, 11, 1, 8, 9, 10},  // U+0040
    {228, 8, 1, 8, 6, 8},  // U+0041
    {236, 8, 1, 8, 5, 8},  // U+0042
    {244, 8, 1, 8, 6, 8},  // U+0043
    {252, 8, 1, 8, 6, 8},  // U+0044
    {260, 7, 1, 8, 5, 8},  // U+0045
    {268, 7, 1, 8, 4, 8},  // U+0046
    {276, 9, 1, 8, 6, 8},  // U+0047
    {284, 8, 1, 8, 6, 8},  // U+0048
    {292, 4, 1, 8, 1, 8},  // U+0049
    {300, 7, 1, 8, 4, 8},  // U+004A
    {308, 8, 1, 8, 6, 8},  // U+004B
    {316, 7, 1, 8, 4, 8},  // U+004C
    {324, 10, 1, 8, 8, 8},  // U+004D
    {332, 9, 1, 8, 6, 8},  // U+004E
    {340, 9, 1, 8, 6, 8},  // U+004F
    {348, 7, 1, 8, 5, 8},  // U+0050
    {356, 9, 1, 8, 6, 8},  // U+0051
    {364, 8, 1, 8, 5, 8},  // U+0052
    {372, 8, 1, 8, 5, 8},  // U+0053
    {380, 8, 1, 8, 6, 8},  // U+0054
    {388, 8, 1, 8, 6, 8},  // U+0055
    {396, 8, 0, 8, 7, 8},  // U+0056
    {404, 11, 0, 8, 10, 8},  // U+0057
    {420, 8, 0, 8, 7, 8},  // U+0058
    {428, 8, 0, 8, 7, 8},  // U+0059
    {436, 8, 1, 8, 5, 8},  // U+005A
    {444, 5, 1, 9, 2, 10},  // U+005B
    {454, 5, 0, 8, 4, 9},  // U+005C
    {463, 5, 1, 9, 2, 10},  // U+005D
    {473, 6, 1, 8, 3, 4},  // U+005E
    {477, 6, 0, 0, 5, 1},  // U+005F
    {478, 5, 1, 8, 1, 1},  // U+0060
    {479, 7, 0, 6, 5, 6},  // U+0061
    {485, 7, 1, 8, 5, 8},  // U+0062
    {493, 7, 1, 6, 5, 6},  // U+0063
    {499, 7, 1, 8, 5, 8},  // U+0064
    {507, 7, 1, 6, 5, 6},  // U+0065
    {513, 5, 0, 8, 3, 8},  // U+0066
    {521, 7, 1, 6, 5, 8},  // U+0067
    {529, 7, 1, 8, 5, 8},  // U+0068
    {537, 4, 1, 8, 1, 8},  // U+0069
    {545, 4, 0, 8, 2, 10},  // U+006A
    {555, 7, 1, 8, 5, 8},  // U+006B
    {563, 4, 1, 8, 1, 8},  // U+006C
    {571, 10, 1, 6, 7, 6},  // U+006D
    {577, 7, 1, 6, 5, 6},  // U+006E
    {583, 7, 1, 6, 5, 6},  // U+006F
    {589, 7, 1, 6, 5, 8},  // U+0070
    {597, 7, 1, 6, 5, 8},  // U+0071
    {605, 5, 1, 6, 3, 6},  // U+0072
    {611, 7, 1, 6, 4, 6},  // U+0073
    {617, 5, 0, 8, 3, 8},  // U+0074
    {625, 7, 1, 6, 5, 6},  // U+0075
    {631, 7, 0, 6, 6, 6},  // U+0076
    {637, 9, 0, 6, 8, 6},  // U+0077
    {643, 7, 0, 6, 5, 6},  // U+0078
    {649, 7, 0, 6, 6, 8},  // U+0079
    {657, 7, 1, 6, 4, 6},  // U+007A
    {663, 6, 0, 8, 4, 10},  // U+007B
    {673, 5, 1, 10, 1, 13},  // U+007C
    {686, 6, 1, 8, 3, 10},  // U+007D
    {696, 8, 1, 4, 5, 2},  // U+007E
    {698, 4, 1, 4, 1, 1},  // U+00B7
    {699, 6, 1, 4, 3, 3},  // U+2022
    {702, 11, 1, 7, 7, 7},  // U+2192
    {709, 11, 1, 7, 7, 7},  // U+2190
    {716, 11, 1, 1, 7, 1},  // U+2026
    {717, 6, 0, 4, 5, 1},  // U+2013
    {718, 11, 0, 4, 10, 1},  // U+2014
    {720, 6, 1, 8, 3, 4},  // U+00B0
    {724, 8, 1, 6, 5, 6},  // U+00B1
    {730, 8, 1, 6, 5, 5},  // U+00D7
};
static const uint16_t k_ui10_cps[] = {
    32, 33, 34, 35, 36, 37, 38, 39, 40, 41, 42, 43,
    44, 45, 46, 47, 48, 49, 50, 51, 52, 53, 54, 55,
    56, 57, 58, 59, 60, 61, 62, 63, 64, 65, 66, 67,
    68, 69, 70, 71, 72, 73, 74, 75, 76, 77, 78, 79,
    80, 81, 82, 83, 84, 85, 86, 87, 88, 89, 90, 91,
    92, 93, 94, 95, 96, 97, 98, 99, 100, 101, 102, 103,
    104, 105, 106, 107, 108, 109, 110, 111, 112, 113, 114, 115,
    116, 117, 118, 119, 120, 121, 122, 123, 124, 125, 126, 183,
    8226, 8594, 8592, 8230, 8211, 8212, 176, 177, 215,
};
const beacon_font_t beacon_font_ui10 = {
    .name = "ui10",
    .ascent = 10,
    .descent = 3,
    .line_height = 13,
    .count = 105,
    .codepoints = k_ui10_cps,
    .glyphs = k_ui10_glyphs,
    .bits = k_ui10_bits,
};

static const uint8_t k_ui12_bits[] = {
    0x80, 0x80, 0x80, 0x80, 0x80, 0x80, 0x00, 0x80, 0x80, 0xa0, 0xa0, 0xa0, 0x36, 0x24, 0x7e, 0x24, 0x24, 0xfe, 0x6c, 0x48,
    0x48, 0x20, 0x78, 0xec, 0xa0, 0xe0, 0x78, 0x2c, 0xa4, 0xec, 0x78, 0x20, 0xe0, 0x00, 0xe0, 0x00, 0xe0, 0x00, 0xe0, 0x00,
    0x00, 0x00, 0x03, 0x00, 0x02, 0x80, 0x03, 0x80, 0x03, 0x80, 0x30, 0x58, 0x48, 0x70, 0x70, 0xd4, 0x9c, 0xdc, 0x74, 0x80,
    0x80, 0x80, 0x40, 0xc0, 0xc0, 0x80, 0x80, 0x80, 0x80, 0x80, 0xc0, 0xc0, 0x40, 0xc0, 0x40, 0x60, 0x60, 0x20, 0x20, 0x20,
    0x60, 0x60, 0x40, 0xc0, 0x20, 0xf8, 0x70, 0xf8, 0x20, 0x10, 0x10, 0xfc, 0x10, 0x10, 0x10, 0xc0, 0x80, 0x80, 0x80, 0xf0,
    0x80, 0x80, 0x10, 0x10, 0x30, 0x20, 0x20, 0x20, 0x60, 0x40, 0x40, 0x40, 0xc0, 0x78, 0xc8, 0x8c, 0x84, 0x84, 0x84, 0x8c,
    0xc8, 0x78, 0x60, 0xe0, 0x20, 0x20, 0x20, 0x20, 0x20, 0x20, 0x20, 0x78, 0xcc, 0x84, 0x0c, 0x08, 0x10, 0x20, 0xe0, 0xfc,
    0x78, 0xcc, 0x04, 0x0c, 0x38, 0x0c, 0x04, 0xcc, 0x78, 0x18, 0x38, 0x28, 0x48, 0x48, 0x88, 0xfc, 0x08, 0x08, 0x7c, 0x40,
    0x40, 0xf8, 0x4c, 0x04, 0x04, 0xcc, 0x78, 0x78, 0xcc, 0x80, 0xb8, 0xcc, 0x84, 0x84, 0xcc, 0x78, 0xfc, 0x0c, 0x08, 0x18,
    0x10, 0x30, 0x20, 0x60, 0x40, 0x78, 0xcc, 0x84, 0xcc, 0x78, 0xcc, 0x84, 0xcc, 0x78, 0x78, 0xc8, 0x84, 0x84, 0xcc, 0x7c,
    0x0c, 0xc8, 0x70, 0x80, 0x80, 0x00, 0x00, 0x00, 0x80, 0x80, 0x40, 0x40, 0x00, 0x00, 0x00, 0x40, 0x40, 0x40, 0x80, 0x08,
    0x38, 0x60, 0xc0, 0x70, 0x18, 0xfc, 0x00, 0x00, 0xfc, 0x80, 0xe0, 0x38, 0x1c, 0x30, 0xe0, 0x80, 0x70, 0xd8, 0x08, 0x18,
    0x30, 0x20, 0x00, 0x20, 0x20, 0x1e, 0x00, 0x73, 0x80, 0x40, 0x80, 0xde, 0xc0, 0xb6, 0x40, 0xa2, 0x40, 0xa2, 0x40, 0xb6,
    0xc0, 0xdb, 0x80, 0xc0, 0x00, 0x70, 0x00, 0x3e, 0x00, 0x1c, 0x00, 0x1c, 0x00, 0x14, 0x00, 0x36, 0x00, 0x22, 0x00, 0x3e,
    0x00, 0x63, 0x00, 0x41, 0x00, 0xc1, 0x80, 0xf8, 0x8c, 0x84, 0x8c, 0xf8, 0x8c, 0x84, 0x8c, 0xf8, 0x3c, 0x66, 0xc2, 0x80,
    0x80, 0x80, 0xc2, 0x66, 0x3c, 0xf8, 0x8c, 0x86, 0x82, 0x82, 0x82, 0x86, 0x8c, 0xf8, 0xf8, 0x80, 0x80, 0x80, 0xf8, 0x80,
    0x80, 0x80, 0xf8, 0xf8, 0x80, 0x80, 0x80, 0xf8, 0x80, 0x80, 0x80, 0x80, 0x38, 0x66, 0xc2, 0x80, 0x8e, 0x82, 0xc6, 0x64,
    0x38, 0x82, 0x82, 0x82, 0x82, 0xfe, 0x82, 0x82, 0x82, 0x82, 0x80, 0x80, 0x80, 0x80, 0x80, 0x80, 0x80, 0x80, 0x80, 0x08,
    0x08, 0x08, 0x08, 0x08, 0x08, 0x88, 0xd8, 0x70, 0x8c, 0x88, 0x98, 0xb0, 0xf0, 0xd0, 0x98, 0x8c, 0x84, 0x80, 0x80, 0x80,
    0x80, 0x80, 0x80, 0x80, 0x80, 0xf8, 0xc1, 0x80, 0xc3, 0x80, 0xe3, 0x80, 0xa2, 0x80, 0xb6, 0x80, 0xb4, 0x80, 0x9c, 0x80,
    0x9c, 0x80, 0x88, 0x80, 0xc2, 0xc2, 0xe2, 0xb2, 0x92, 0x9a, 0x8e, 0x86, 0x86, 0x3c, 0x66, 0xc3, 0x81, 0x81, 0x81, 0xc3,
    0x66, 0x3c, 0xf8, 0x8c, 0x84, 0x84, 0x8c, 0xf8, 0x80, 0x80, 0x80, 0x3c, 0x66, 0xc3, 0x81, 0x81, 0x81, 0xcb, 0x6e, 0x3e,
    0xf8, 0x8c, 0x84, 0x8c, 0xf8, 0x98, 0x88, 0x8c, 0x84, 0x78, 0xcc, 0x80, 0xc0, 0x78, 0x0c, 0x84, 0xcc, 0x78, 0xfe, 0x10,
    0x10, 0x10, 0x10, 0x10, 0x10, 0x10, 0x10, 0x82, 0x82, 0x82, 0x82, 0x82, 0x82, 0x82, 0xc6, 0x7c, 0xc1, 0x43, 0x62, 0x62,
    0x26, 0x34, 0x14, 0x1c, 0x18, 0xc6, 0x30, 0x46, 0x20, 0x46, 0x20, 0x6f, 0x60, 0x69, 0x60, 0x29, 0x40, 0x39, 0xc0, 0x39,
    0xc0, 0x30, 0xc0, 0xc6, 0x44, 0x6c, 0x38, 0x38, 0x38, 0x6c, 0xc4, 0x86, 0x86, 0xc4, 0x6c, 0x28, 0x38, 0x10, 0x10, 0x10,
    0x10, 0xfc, 0x0c, 0x18, 0x10, 0x30, 0x20, 0x40, 0xc0, 0xfc, 0xc0, 0x80, 0x80, 0x80, 0x80, 0x80, 0x80, 0x80, 0x80, 0x80,
    0xc0, 0xc0, 0x40, 0x40, 0x40, 0x60, 0x20, 0x20, 0x20, 0x30, 0x10, 0x10, 0xe0, 0x20, 0x20, 0x20, 0x20, 0x20, 0x20, 0x20,
    0x20, 0x20, 0xe0, 0x60, 0x60, 0xa0, 0x90, 0x90, 0xfc, 0x80, 0x40, 0x70, 0xd8, 0x08, 0x78, 0x88, 0xd8, 0xe8, 0x80, 0x80,
    0xb8, 0xcc, 0x8c, 0x84, 0x8c, 0xcc, 0xb8, 0x70, 0xc8, 0x80, 0x80, 0x80, 0xc8, 0x70, 0x04, 0x04, 0x74, 0xcc, 0x84, 0x84,
    0x8c, 0xcc, 0x74, 0x78, 0xcc, 0x84, 0xfc, 0x80, 0xcc, 0x78, 0x38, 0x20, 0xf8, 0x20, 0x20, 0x20, 0x20, 0x20, 0x20, 0x74,
    0xcc, 0x8c, 0x84, 0x84, 0xcc, 0x74, 0x04, 0xcc, 0x78, 0x80, 0x80, 0xb0, 0xd8, 0x88, 0x88, 0x88, 0x88, 0x88, 0x80, 0x00,
    0x80, 0x80, 0x80, 0x80, 0x80, 0x80, 0x80, 0x40, 0x00, 0x40, 0x40, 0x40, 0x40, 0x40, 0x40, 0x40, 0x40, 0xc0, 0x80, 0x80,
    0x80, 0x98, 0xb0, 0xa0, 0xe0, 0xb0, 0x90, 0x98, 0x80, 0x80, 0x80, 0x80, 0x80, 0x80, 0x80, 0x80, 0x80, 0xb7, 0x00, 0xdd,
    0x80, 0x88, 0x80, 0x88, 0x80, 0x88, 0x80, 0x88, 0x80, 0x88, 0x80, 0xf0, 0xd8, 0x88, 0x88, 0x88, 0x88, 0x88, 0x78, 0xcc,
    0x8c, 0x84, 0x8c, 0xcc, 0x78, 0xb8, 0xcc, 0x8c, 0x84, 0x8c, 0xcc, 0xb8, 0x80, 0x80, 0x80, 0x74, 0xcc, 0x84, 0x84, 0x8c,
    0xcc, 0x74, 0x04, 0x04, 0x04, 0xe0, 0xc0, 0x80, 0x80, 0x80, 0x80, 0x80, 0x70, 0xd8, 0x80, 0x70, 0x18, 0x98, 0x70, 0x40,
    0x40, 0xe0, 0x40, 0x40, 0x40, 0x40, 0x40, 0x60, 0x88, 0x88, 0x88, 0x88, 0x88, 0xd8, 0xf8, 0xc6, 0x44, 0x6c, 0x68, 0x28,
    0x38, 0x10, 0xcc, 0xc0, 0x4c, 0x80, 0x4c, 0x80, 0x7f, 0x80, 0x33, 0x00, 0x33, 0x00, 0x33, 0x00, 0x88, 0xd8, 0x70, 0x70,
    0x70, 0xd8, 0x88, 0xc6, 0x44, 0x6c, 0x6c, 0x28, 0x38, 0x30, 0x10, 0x30, 0x60, 0xf8, 0x18, 0x30, 0x20, 0x60, 0xc0, 0xf8,
    0x18, 0x30, 0x20, 0x20, 0x20, 0xc0, 0x60, 0x20, 0x20, 0x20, 0x18, 0x80, 0x80, 0x80, 0x80, 0x80, 0x80, 0x80, 0x80, 0x80,
    0x80, 0x80, 0x80, 0x80, 0x80, 0x80, 0xc0, 0x60, 0x20, 0x20, 0x20, 0x30, 0x30, 0x20, 0x20, 0x60, 0xe0, 0x64, 0x9c, 0x80,
    0x80, 0x60, 0xf0, 0xf0, 0x60, 0x0c, 0x00, 0x06, 0x00, 0x03, 0x00, 0xff, 0x80, 0x03, 0x00, 0x06, 0x00, 0x0c, 0x00, 0x18,
    0x00, 0x30, 0x00, 0x60, 0x00, 0xff, 0x80, 0x60, 0x00, 0x30, 0x00, 0x18, 0x00, 0x88, 0x80, 0x88, 0x80, 0xfc, 0xff, 0xf0,
    0x60, 0xb0, 0x90, 0xe0, 0x20, 0x20, 0xfc, 0x60, 0x00, 0xfc, 0xcc, 0x78, 0x30, 0x78, 0xcc,
};
static const beacon_glyph_t k_ui12_glyphs[] = {
    {0, 3, 0, 0, 0, 0},  // U+0020
    {0, 4, 1, 9, 1, 9},  // U+0021
    {9, 6, 2, 9, 3, 3},  // U+0022
    {12, 8, 0, 9, 7, 9},  // U+0023
    {21, 8, 1, 10, 6, 11},  // U+0024
    {32, 12, 2, 9, 9, 9},  // U+0025
    {50, 8, 1, 9, 6, 9},  // U+0026
    {59, 4, 2, 9, 1, 3},  // U+0027
    {62, 4, 1, 9, 2, 11},  // U+0028
    {73, 4, 0, 9, 3, 11},  // U+0029
    {84, 6, 1, 9, 5, 5},  // U+002A
    {89, 8, 1, 7, 6, 6},  // U+002B
    {95, 4, 1, 1, 2, 4},  // U+002C
    {99, 6, 1, 4, 4, 1},  // U+002D
    {100, 4, 1, 2, 1, 2},  // U+002E
    {102, 4, 0, 10, 4, 11},  // U+002F
    {113, 8, 1, 9, 6, 9},  // U+0030
    {122, 5, 1, 9, 3, 9},  // U+0031
    {131, 7, 1, 9, 6, 9},  // U+0032
    {140, 8, 0, 9, 6, 9},  // U+0033
    {149, 8, 1, 9, 6, 9},  // U+0034
    {158, 7, 0, 9, 6, 9},  // U+0035
    {167, 8, 1, 9, 6, 9},  // U+0036
    {176, 7, 1, 9, 6, 9},  // U+0037
    {185, 8, 1, 9, 6, 9},  // U+0038
    {194, 8, 1, 9, 6, 9},  // U+0039
    {203, 4, 1, 7, 1, 7},  // U+003A
    {210, 4, 0, 6, 2, 9},  // U+003B
    {219, 8, 1, 7, 5, 6},  // U+003C
    {225, 8, 1, 6, 6, 4},  // U+003D
    {229, 8, 1, 7, 6, 7},  // U+003E
    {236, 6, 1, 9, 5, 9},  // U+003F
    {245, 12, 1, 9, 10, 12},  // U+0040
    {269, 9, 0, 9, 9, 9},  // U+0041
    {287, 8, 1, 9, 6, 9},  // U+0042
    {296, 9, 1, 9, 7, 9},  // U+0043
    {305, 9, 1, 9, 7, 9},  // U+0044
    {314, 7, 1, 9, 5, 9},  // U+0045
    {323, 7, 1, 9, 5, 9},  // U+0046
    {332, 9, 1, 9, 7, 9},  // U+0047
    {341, 9, 1, 9, 7, 9},  // U+0048
    {350, 3, 1, 9, 1, 9},  // U+0049
    {359, 7, 1, 9, 5, 9},  // U+004A
    {368, 8, 1, 9, 6, 9},  // U+004B
    {377, 7, 1, 9, 5, 9},  // U+004C
    {386, 11, 1, 9, 9, 9},  // U+004D
    {404, 9, 1, 9, 7, 9},  // U+004E
    {413, 9, 1, 9, 8, 9},  // U+004F
    {422, 8, 1, 9, 6, 9},  // U+0050
    {431, 9, 1, 9, 8, 9},  // U+0051
    {440, 8, 1, 9, 6, 9},  // U+0052
    {449, 8, 1, 9, 6, 9},  // U+0053
    {458, 8, 1, 9, 7, 9},  // U+0054
    {467, 9, 1, 9, 7, 9},  // U+0055
    {476, 9, 0, 9, 8, 9},  // U+0056
    {485, 12, 0, 9, 12, 9},  // U+0057
    {503, 8, 1, 9, 7, 9},  // U+0058
    {512, 8, 1, 9, 7, 9},  // U+0059
    {521, 8, 1, 9, 6, 9},  // U+005A
    {530, 4, 1, 9, 2, 11},  // U+005B
    {541, 4, 0, 10, 4, 11},  // U+005C
    {552, 4, 0, 9, 3, 11},  // U+005D
    {563, 6, 1, 10, 4, 5},  // U+005E
    {568, 6, 0, 0, 6, 1},  // U+005F
    {569, 4, 1, 10, 2, 2},  // U+0060
    {571, 7, 1, 7, 5, 7},  // U+0061
    {578, 7, 1, 9, 6, 9},  // U+0062
    {587, 7, 1, 7, 5, 7},  // U+0063
    {594, 7, 1, 9, 6, 9},  // U+0064
    {603, 7, 1, 7, 6, 7},  // U+0065
    {610, 5, 0, 9, 5, 9},  // U+0066
    {619, 7, 1, 7, 6, 10},  // U+0067
    {629, 7, 1, 9, 5, 9},  // U+0068
    {638, 3, 1, 9, 1, 9},  // U+0069
    {647, 3, 0, 9, 2, 12},  // U+006A
    {659, 7, 1, 9, 5, 9},  // U+006B
    {668, 3, 1, 9, 1, 9},  // U+006C
    {677, 11, 1, 7, 9, 7},  // U+006D
    {691, 7, 1, 7, 5, 7},  // U+006E
    {698, 7, 1, 7, 6, 7},  // U+006F
    {705, 7, 1, 7, 6, 10},  // U+0070
    {715, 7, 1, 7, 6, 10},  // U+0071
    {725, 5, 1, 7, 3, 7},  // U+0072
    {732, 6, 1, 7, 5, 7},  // U+0073
    {739, 4, 0, 9, 3, 9},  // U+0074
    {748, 7, 1, 7, 5, 7},  // U+0075
    {755, 7, 0, 7, 7, 7},  // U+0076
    {762, 10, 0, 7, 10, 7},  // U+0077
    {776, 7, 1, 7, 5, 7},  // U+0078
    {783, 7, 0, 7, 7, 10},  // U+0079
    {793, 7, 1, 7, 5, 7},  // U+007A
    {800, 5, 0, 9, 5, 11},  // U+007B
    {811, 4, 2, 12, 1, 15},  // U+007C
    {826, 5, 0, 9, 4, 11},  // U+007D
    {837, 8, 1, 5, 6, 2},  // U+007E
    {839, 4, 1, 5, 1, 2},  // U+00B7
    {841, 6, 1, 6, 4, 4},  // U+2022
    {845, 11, 2, 8, 9, 7},  // U+2192
    {859, 11, 1, 8, 9, 7},  // U+2190
    {873, 11, 1, 2, 9, 2},  // U+2026
    {877, 6, 0, 4, 6, 1},  // U+2013
    {878, 12, 0, 4, 12, 1},  // U+2014
    {880, 5, 1, 9, 4, 4},  // U+00B0
    {884, 8, 1, 7, 6, 6},  // U+00B1
    {890, 8, 1, 6, 6, 5},  // U+00D7
};
static const uint16_t k_ui12_cps[] = {
    32, 33, 34, 35, 36, 37, 38, 39, 40, 41, 42, 43,
    44, 45, 46, 47, 48, 49, 50, 51, 52, 53, 54, 55,
    56, 57, 58, 59, 60, 61, 62, 63, 64, 65, 66, 67,
    68, 69, 70, 71, 72, 73, 74, 75, 76, 77, 78, 79,
    80, 81, 82, 83, 84, 85, 86, 87, 88, 89, 90, 91,
    92, 93, 94, 95, 96, 97, 98, 99, 100, 101, 102, 103,
    104, 105, 106, 107, 108, 109, 110, 111, 112, 113, 114, 115,
    116, 117, 118, 119, 120, 121, 122, 123, 124, 125, 126, 183,
    8226, 8594, 8592, 8230, 8211, 8212, 176, 177, 215,
};
const beacon_font_t beacon_font_ui12 = {
    .name = "ui12",
    .ascent = 12,
    .descent = 3,
    .line_height = 15,
    .count = 105,
    .codepoints = k_ui12_cps,
    .glyphs = k_ui12_glyphs,
    .bits = k_ui12_bits,
};

static const uint8_t k_ui12b_bits[] = {
    0xc0, 0xc0, 0xc0, 0xc0, 0xc0, 0xc0, 0x00, 0xc0, 0xc0, 0xf0, 0xf0, 0xf0, 0xf0, 0x36, 0x36, 0x7f, 0x7e, 0x24, 0xfe, 0x7e,
    0x6c, 0x4c, 0x10, 0x7c, 0xfe, 0xd6, 0xf0, 0x7c, 0x1e, 0xd6, 0xfe, 0x7c, 0x10, 0xe1, 0x00, 0xf3, 0x00, 0x96, 0x00, 0xe4,
    0x00, 0x0d, 0x80, 0x1a, 0xc0, 0x1a, 0x40, 0x33, 0xc0, 0x61, 0x80, 0x38, 0x7c, 0x6c, 0x78, 0x72, 0xfa, 0xce, 0xfc, 0x7e,
    0xc0, 0xc0, 0xc0, 0xc0, 0x60, 0x60, 0xc0, 0xc0, 0xc0, 0xc0, 0xc0, 0xc0, 0xc0, 0x60, 0x60, 0xc0, 0xc0, 0xc0, 0x60, 0x60,
    0x60, 0x60, 0x60, 0x60, 0xc0, 0xc0, 0x20, 0xf8, 0x70, 0xf8, 0x20, 0x30, 0x30, 0xfc, 0xfc, 0x30, 0x30, 0x20, 0xc0, 0xc0,
    0x80, 0x80, 0xf0, 0xf0, 0xc0, 0xc0, 0x10, 0x10, 0x30, 0x30, 0x20, 0x20, 0x60, 0x60, 0x40, 0xc0, 0xc0, 0x38, 0x7c, 0xc6,
    0xc6, 0xc6, 0xc6, 0xc6, 0x7c, 0x38, 0x70, 0xf0, 0xb0, 0x30, 0x30, 0x30, 0x30, 0x30, 0x30, 0x78, 0xfc, 0xcc, 0x0c, 0x18,
    0x38, 0x70, 0xfc, 0xfc, 0x78, 0xfc, 0x8c, 0x38, 0x38, 0x0c, 0x8c, 0xfc, 0x78, 0x1c, 0x1c, 0x3c, 0x6c, 0x6c, 0xcc, 0xfe,
    0xfe, 0x0c, 0xf8, 0xf8, 0xc0, 0xf8, 0xfc, 0x0c, 0x8c, 0xf8, 0x78, 0x3c, 0x7c, 0xc4, 0xdc, 0xfe, 0xc6, 0xc6, 0x7c, 0x38,
    0xfc, 0xfc, 0x0c, 0x18, 0x18, 0x30, 0x30, 0x60, 0x60, 0x7c, 0xfe, 0xc6, 0x7c, 0x7c, 0xc6, 0xc6, 0xfe, 0x7c, 0x78, 0xfc,
    0xc6, 0xce, 0x7e, 0x26, 0xc6, 0x7c, 0x38, 0xc0, 0xc0, 0x00, 0x00, 0x00, 0xc0, 0xc0, 0xc0, 0xc0, 0x00, 0x00, 0x00, 0xc0,
    0x80, 0x80, 0x80, 0x0c, 0x3c, 0xf0, 0xe0, 0x78, 0x1c, 0x04, 0xfc, 0xfc, 0x00, 0xfc, 0xfc, 0xc0, 0xf0, 0x3c, 0x1c, 0x78,
    0xe0, 0x80, 0x78, 0xfc, 0xcc, 0x1c, 0x38, 0x30, 0x00, 0x30, 0x30, 0x1f, 0x00, 0x3f, 0xc0, 0x60, 0xc0, 0xff, 0xe0, 0xff,
    0xe0, 0xf1, 0xe0, 0xf1, 0xe0, 0xff, 0xe0, 0xfe, 0xc0, 0x60, 0x00, 0x3f, 0x80, 0x1f, 0x80, 0x1c, 0x00, 0x1c, 0x00, 0x3e,
    0x00, 0x36, 0x00, 0x36, 0x00, 0x7f, 0x00, 0x7f, 0x00, 0x63, 0x00, 0xc1, 0x80, 0xf8, 0xfc, 0xcc, 0xfc, 0xfc, 0xc6, 0xc6,
    0xfe, 0xfc, 0x3c, 0x7e, 0xc3, 0xc0, 0xc0, 0xc0, 0xc3, 0x7e, 0x3c, 0xf8, 0xfc, 0xc6, 0xc6, 0xc6, 0xc6, 0xc6, 0xfc, 0xf8,
    0xfc, 0xfc, 0xc0, 0xf8, 0xfc, 0xc0, 0xc0, 0xfc, 0xfc, 0xfc, 0xfc, 0xc0, 0xc0, 0xfc, 0xf8, 0xc0, 0xc0, 0xc0, 0x3c, 0x7e,
    0xc3, 0xc0, 0xcf, 0xc7, 0xc3, 0x7e, 0x3c, 0xc3, 0xc3, 0xc3, 0xff, 0xff, 0xc3, 0xc3, 0xc3, 0xc3, 0xc0, 0xc0, 0xc0, 0xc0,
    0xc0, 0xc0, 0xc0, 0xc0, 0xc0, 0x0c, 0x0c, 0x0c, 0x0c, 0x0c, 0x0c, 0xcc, 0xfc, 0x78, 0xc6, 0xcc, 0xdc, 0xf8, 0xf8, 0xf8,
    0xcc, 0xce, 0xc6, 0xc0, 0xc0, 0xc0, 0xc0, 0xc0, 0xc0, 0xc0, 0xf8, 0xfc, 0xe1, 0xc0, 0xf3, 0xc0, 0xf3, 0xc0, 0xf3, 0xc0,
    0xde, 0xc0, 0xde, 0xc0, 0xde, 0xc0, 0xcc, 0xc0, 0xcc, 0xc0, 0xe3, 0xe3, 0xf3, 0xf3, 0xdb, 0xdf, 0xcf, 0xc7, 0xc7, 0x3c,
    0x7e, 0xc3, 0xc3, 0xc3, 0xc3, 0xc3, 0x7e, 0x3c, 0xfc, 0xfe, 0xc6, 0xc6, 0xfe, 0xfc, 0xc0, 0xc0, 0xc0, 0x3c, 0x7e, 0xc3,
    0xc3, 0xc3, 0xc3, 0xef, 0x7e, 0x3e, 0x02, 0xfc, 0xfe, 0xc6, 0xc6, 0xfc, 0xfc, 0xcc, 0xce, 0xc6, 0x7c, 0xfe, 0xc6, 0xe0,
    0x7c, 0x0e, 0xc6, 0xfe, 0x7c, 0xfe, 0xfe, 0x18, 0x18, 0x18, 0x18, 0x18, 0x18, 0x18, 0xc6, 0xc6, 0xc6, 0xc6, 0xc6, 0xc6,
    0xc6, 0xfe, 0x78, 0xe3, 0x80, 0x63, 0x00, 0x63, 0x00, 0x73, 0x00, 0x36, 0x00, 0x36, 0x00, 0x3e, 0x00, 0x1c, 0x00, 0x1c,
    0x00, 0xe6, 0x30, 0x67, 0x30, 0x67, 0x30, 0x6f, 0x60, 0x6d, 0x60, 0x3d, 0xe0, 0x39, 0xe0, 0x39, 0xc0, 0x38, 0xc0, 0xc6,
    0x6c, 0x7c, 0x38, 0x38, 0x38, 0x6c, 0xee, 0xc6, 0xc3, 0x66, 0x66, 0x3c, 0x3c, 0x18, 0x18, 0x18, 0x18, 0xfe, 0xfe, 0x0c,
    0x18, 0x38, 0x30, 0x60, 0xfe, 0xfe, 0xe0, 0xe0, 0xc0, 0xc0, 0xc0, 0xc0, 0xc0, 0xc0, 0xc0, 0xc0, 0xe0, 0xe0, 0xc0, 0xc0,
    0x40, 0x60, 0x60, 0x20, 0x20, 0x30, 0x30, 0x10, 0x10, 0xe0, 0xe0, 0x60, 0x60, 0x60, 0x60, 0x60, 0x60, 0x60, 0x60, 0xe0,
    0xe0, 0x60, 0x60, 0xf0, 0x90, 0xfc, 0xfc, 0x80, 0x78, 0xfc, 0x0c, 0x7c, 0xcc, 0xfc, 0x6c, 0xc0, 0xc0, 0xf8, 0xfc, 0xcc,
    0xcc, 0xcc, 0xfc, 0xf8, 0x78, 0xfc, 0xc4, 0xc0, 0xc4, 0xfc, 0x78, 0x0c, 0x0c, 0x7c, 0xfc, 0xcc, 0xcc, 0xcc, 0xfc, 0x7c,
    0x78, 0x7c, 0xfc, 0xfe, 0xc0, 0xfc, 0x78, 0x10, 0x70, 0x60, 0xf0, 0xf0, 0x60, 0x60, 0x60, 0x60, 0x60, 0x76, 0xfe, 0xc6,
    0xc6, 0xc6, 0xfe, 0x76, 0x06, 0xfe, 0x7c, 0xc0, 0xc0, 0xd8, 0xfc, 0xcc, 0xcc, 0xcc, 0xcc, 0xcc, 0xc0, 0x00, 0xc0, 0xc0,
    0xc0, 0xc0, 0xc0, 0xc0, 0xc0, 0x60, 0x00, 0x60, 0x60, 0x60, 0x60, 0x60, 0x60, 0x60, 0x60, 0xe0, 0xc0, 0xc0, 0xc0, 0xcc,
    0xd8, 0xf0, 0xf0, 0xf8, 0xd8, 0xcc, 0xc0, 0xc0, 0xc0, 0xc0, 0xc0, 0xc0, 0xc0, 0xc0, 0xc0, 0xfb, 0x80, 0xff, 0xc0, 0xcc,
    0xc0, 0xcc, 0xc0, 0xcc, 0xc0, 0xcc, 0xc0, 0xcc, 0xc0, 0xd8, 0xfc, 0xcc, 0xcc, 0xcc, 0xcc, 0xcc, 0x38, 0x7c, 0xc6, 0xc6,
    0xc6, 0x7c, 0x38, 0xf8, 0xfc, 0xcc, 0xcc, 0xcc, 0xfc, 0xf8, 0xc0, 0xc0, 0xc0, 0x7c, 0xfc, 0xcc, 0xcc, 0xcc, 0xfc, 0x7c,
    0x0c, 0x0c, 0x0c, 0xf0, 0xf0, 0xc0, 0xc0, 0xc0, 0xc0, 0xc0, 0x78, 0xfc, 0xc0, 0x78, 0x0c, 0xfc, 0x78, 0x40, 0x60, 0xf0,
    0xf0, 0x60, 0x60, 0x60, 0x70, 0x30, 0xcc, 0xcc, 0xcc, 0xcc, 0xcc, 0xfc, 0x6c, 0xc6, 0x66, 0x6c, 0x6c, 0x3c, 0x38, 0x38,
    0xcc, 0xc0, 0x4c, 0xc0, 0x6e, 0x80, 0x7f, 0x80, 0x7b, 0x80, 0x33, 0x80, 0x33, 0x00, 0xcc, 0xd8, 0x78, 0x70, 0x78, 0xd8,
    0xcc, 0xc6, 0x66, 0x6c, 0x6c, 0x3c, 0x38, 0x38, 0x18, 0x70, 0x60, 0xf8, 0xf8, 0x30, 0x30, 0x60, 0xf8, 0xf8, 0x78, 0x60,
    0x60, 0x60, 0xe0, 0xc0, 0x60, 0x60, 0x60, 0x70, 0x38, 0xc0, 0xc0, 0xc0, 0xc0, 0xc0, 0xc0, 0xc0, 0xc0, 0xc0, 0xc0, 0xc0,
    0xc0, 0xc0, 0xc0, 0xc0, 0xf0, 0x30, 0x30, 0x30, 0x38, 0x18, 0x30, 0x30, 0x30, 0x70, 0xe0, 0x66, 0xfc, 0xdc, 0xc0, 0xc0,
    0x60, 0xf0, 0xf0, 0x60, 0x08, 0x00, 0x0c, 0x00, 0x06, 0x00, 0xff, 0x00, 0xff, 0x80, 0x03, 0x00, 0x06, 0x00, 0x0c, 0x00,
    0x08, 0x00, 0x08, 0x00, 0x18, 0x00, 0x30, 0x00, 0x7f, 0x80, 0xff, 0x80, 0x60, 0x00, 0x30, 0x00, 0x18, 0x00, 0x08, 0x00,
    0xcc, 0xc0, 0xcc, 0xc0, 0xfc, 0xfc, 0xff, 0xf0, 0xff, 0xf0, 0xf0, 0xb0, 0xf0, 0x60, 0x30, 0xfc, 0xfc, 0x30, 0x30, 0xfc,
    0xfc, 0x44, 0xec, 0x78, 0x38, 0x78, 0xcc,
};
static const beacon_glyph_t k_ui12b_glyphs[] = {
    {0, 3, 0, 0, 0, 0},  // U+0020
    {0, 4, 1, 9, 2, 9},  // U+0021
    {9, 7, 1, 9, 4, 4},  // U+0022
    {13, 8, 0, 9, 8, 9},  // U+0023
    {22, 8, 1, 10, 7, 11},  // U+0024
    {33, 12, 1, 9, 10, 9},  // U+0025
    {51, 8, 1, 9, 7, 9},  // U+0026
    {60, 4, 1, 9, 2, 4},  // U+0027
    {64, 5, 1, 9, 3, 11},  // U+0028
    {75, 5, 1, 9, 3, 11},  // U+0029
    {86, 7, 1, 9, 5, 5},  // U+002A
    {91, 8, 1, 7, 6, 7},  // U+002B
    {98, 4, 1, 1, 2, 4},  // U+002C
    {102, 6, 1, 5, 4, 2},  // U+002D
    {104, 4, 1, 2, 2, 2},  // U+002E
    {106, 5, 0, 10, 4, 11},  // U+002F
    {117, 8, 1, 9, 7, 9},  // U+0030
    {126, 5, 1, 9, 4, 9},  // U+0031
    {135, 8, 1, 9, 6, 9},  // U+0032
    {144, 8, 1, 9, 6, 9},  // U+0033
    {153, 8, 1, 9, 7, 9},  // U+0034
    {162, 8, 1, 9, 6, 9},  // U+0035
    {171, 8, 1, 9, 7, 9},  // U+0036
    {180, 7, 1, 9, 6, 9},  // U+0037
    {189, 8, 1, 9, 7, 9},  // U+0038
    {198, 8, 1, 9, 7, 9},  // U+0039
    {207, 4, 1, 7, 2, 7},  // U+003A
    {214, 4, 1, 6, 2, 9},  // U+003B
    {223, 8, 1, 7, 6, 7},  // U+003C
    {230, 8, 1, 6, 6, 5},  // U+003D
    {235, 8, 1, 7, 6, 7},  // U+003E
    {242, 7, 1, 9, 6, 9},  // U+003F
    {251, 12, 1, 9, 11, 12},  // U+0040
    {275, 9, 0, 9, 9, 9},  // U+0041
    {293, 8, 1, 9, 7, 9},  // U+0042
    {302, 9, 1, 9, 8, 9},  // U+0043
    {311, 9, 1, 9, 7, 9},  // U+0044
    {320, 7, 1, 9, 6, 9},  // U+0045
    {329, 7, 1, 9, 6, 9},  // U+0046
    {338, 9, 1, 9, 8, 9},  // U+0047
    {347, 9, 1, 9, 8, 9},  // U+0048
    {356, 3, 1, 9, 2, 9},  // U+0049
    {365, 7, 1, 9, 6, 9},  // U+004A
    {374, 9, 1, 9, 7, 9},  // U+004B
    {383, 7, 1, 9, 6, 9},  // U+004C
    {392, 11, 1, 9, 10, 9},  // U+004D
    {410, 9, 1, 9, 8, 9},  // U+004E
    {419, 9, 1, 9, 8, 9},  // U+004F
    {428, 8, 1, 9, 7, 9},  // U+0050
    {437, 9, 1, 9, 8, 10},  // U+0051
    {447, 8, 1, 9, 7, 9},  // U+0052
    {456, 8, 1, 9, 7, 9},  // U+0053
    {465, 8, 1, 9, 7, 9},  // U+0054
    {474, 9, 1, 9, 7, 9},  // U+0055
    {483, 9, 0, 9, 9, 9},  // U+0056
    {501, 13, 0, 9, 12, 9},  // U+0057
    {519, 9, 1, 9, 7, 9},  // U+0058
    {528, 9, 1, 9, 8, 9},  // U+0059
    {537, 8, 1, 9, 7, 9},  // U+005A
    {546, 5, 1, 10, 3, 12},  // U+005B
    {558, 5, 0, 10, 4, 11},  // U+005C
    {569, 5, 1, 10, 3, 12},  // U+005D
    {581, 6, 1, 9, 4, 4},  // U+005E
    {585, 6, 0, 1, 6, 2},  // U+005F
    {587, 4, 2, 9, 1, 1},  // U+0060
    {588, 7, 1, 7, 6, 7},  // U+0061
    {595, 8, 1, 9, 6, 9},  // U+0062
    {604, 7, 1, 7, 6, 7},  // U+0063
    {611, 8, 1, 9, 6, 9},  // U+0064
    {620, 7, 1, 7, 7, 7},  // U+0065
    {627, 5, 0, 10, 4, 10},  // U+0066
    {637, 8, 1, 7, 7, 10},  // U+0067
    {647, 8, 1, 9, 6, 9},  // U+0068
    {656, 3, 1, 9, 2, 9},  // U+0069
    {665, 3, 0, 9, 3, 12},  // U+006A
    {677, 7, 1, 9, 6, 9},  // U+006B
    {686, 3, 1, 9, 2, 9},  // U+006C
    {695, 11, 1, 7, 10, 7},  // U+006D
    {709, 8, 1, 7, 6, 7},  // U+006E
    {716, 7, 1, 7, 7, 7},  // U+006F
    {723, 8, 1, 7, 6, 10},  // U+0070
    {733, 8, 1, 7, 6, 10},  // U+0071
    {743, 5, 1, 7, 4, 7},  // U+0072
    {750, 7, 1, 7, 6, 7},  // U+0073
    {757, 4, 0, 9, 4, 9},  // U+0074
    {766, 8, 1, 7, 6, 7},  // U+0075
    {773, 7, 0, 7, 7, 7},  // U+0076
    {780, 10, 0, 7, 10, 7},  // U+0077
    {794, 7, 1, 7, 6, 7},  // U+0078
    {801, 7, 0, 7, 7, 10},  // U+0079
    {811, 7, 1, 7, 5, 7},  // U+007A
    {818, 6, 1, 9, 5, 11},  // U+007B
    {829, 5, 1, 12, 2, 15},  // U+007C
    {844, 6, 0, 9, 5, 11},  // U+007D
    {855, 8, 1, 5, 7, 3},  // U+007E
    {858, 4, 1, 5, 2, 2},  // U+00B7
    {860, 6, 1, 6, 4, 4},  // U+2022
    {864, 11, 2, 8, 9, 9},  // U+2192
    {882, 11, 1, 8, 9, 9},  // U+2190
    {900, 12, 1, 2, 10, 2},  // U+2026
    {904, 6, 0, 5, 6, 2},  // U+2013
    {906, 12, 0, 5, 12, 2},  // U+2014
    {910, 6, 1, 9, 4, 4},  // U+00B0
    {914, 8, 1, 7, 6, 7},  // U+00B1
    {921, 8, 1, 7, 6, 6},  // U+00D7
};
static const uint16_t k_ui12b_cps[] = {
    32, 33, 34, 35, 36, 37, 38, 39, 40, 41, 42, 43,
    44, 45, 46, 47, 48, 49, 50, 51, 52, 53, 54, 55,
    56, 57, 58, 59, 60, 61, 62, 63, 64, 65, 66, 67,
    68, 69, 70, 71, 72, 73, 74, 75, 76, 77, 78, 79,
    80, 81, 82, 83, 84, 85, 86, 87, 88, 89, 90, 91,
    92, 93, 94, 95, 96, 97, 98, 99, 100, 101, 102, 103,
    104, 105, 106, 107, 108, 109, 110, 111, 112, 113, 114, 115,
    116, 117, 118, 119, 120, 121, 122, 123, 124, 125, 126, 183,
    8226, 8594, 8592, 8230, 8211, 8212, 176, 177, 215,
};
const beacon_font_t beacon_font_ui12b = {
    .name = "ui12b",
    .ascent = 12,
    .descent = 3,
    .line_height = 15,
    .count = 105,
    .codepoints = k_ui12b_cps,
    .glyphs = k_ui12b_glyphs,
    .bits = k_ui12b_bits,
};

static const uint8_t k_ui14_bits[] = {
    0x80, 0x80, 0x80, 0x80, 0x80, 0x80, 0x80, 0x00, 0x00, 0x80, 0x80, 0xa0, 0xa0, 0xa0, 0xa0, 0x13, 0x00, 0x12, 0x00, 0x12,
    0x00, 0x7f, 0x80, 0x32, 0x00, 0x22, 0x00, 0x26, 0x00, 0xff, 0x00, 0x66, 0x00, 0x64, 0x00, 0x44, 0x00, 0x08, 0x3c, 0x7f,
    0x4b, 0x48, 0x78, 0x3e, 0x0f, 0x09, 0xc9, 0x7f, 0x3c, 0x08, 0x08, 0x60, 0x80, 0xf1, 0x80, 0x91, 0x00, 0xb2, 0x00, 0xe6,
    0x00, 0x04, 0x00, 0x08, 0xc0, 0x09, 0x60, 0x11, 0x20, 0x21, 0xe0, 0x20, 0xc0, 0x38, 0x6c, 0x44, 0x4c, 0x78, 0x70, 0xd2,
    0x8a, 0x8e, 0xce, 0x7a, 0x80, 0x80, 0x80, 0x80, 0x60, 0x40, 0xc0, 0xc0, 0x80, 0x80, 0x80, 0x80, 0x80, 0xc0, 0xc0, 0x40,
    0x60, 0xc0, 0x40, 0x40, 0x60, 0x60, 0x20, 0x20, 0x20, 0x20, 0x60, 0x40, 0x40, 0xc0, 0x20, 0xa8, 0xf0, 0xf0, 0xa8, 0x20,
    0x10, 0x10, 0x10, 0xfe, 0x30, 0x10, 0x10, 0xc0, 0xc0, 0x80, 0x80, 0xf0, 0x80, 0x80, 0x18, 0x10, 0x10, 0x30, 0x30, 0x20,
    0x20, 0x60, 0x40, 0x40, 0x40, 0xc0, 0x38, 0x6c, 0xc6, 0x86, 0x82, 0x82, 0x82, 0x86, 0xc6, 0x6c, 0x38, 0x30, 0x70, 0x90,
    0x10, 0x10, 0x10, 0x10, 0x10, 0x10, 0x10, 0x10, 0x78, 0xcc, 0x84, 0x04, 0x0c, 0x08, 0x18, 0x30, 0x60, 0xc0, 0xfc, 0x78,
    0xcc, 0x84, 0x04, 0x0c, 0x38, 0x0c, 0x04, 0x84, 0xcc, 0x78, 0x0c, 0x1c, 0x14, 0x34, 0x24, 0x64, 0x44, 0xc4, 0xff, 0x0c,
    0x04, 0xfc, 0x80, 0x80, 0x80, 0xf8, 0xcc, 0x0c, 0x04, 0x8c, 0xcc, 0x70, 0x38, 0x6c, 0xc6, 0x80, 0xbc, 0xce, 0x86, 0x82,
    0x86, 0x4c, 0x38, 0xfe, 0x06, 0x04, 0x0c, 0x08, 0x18, 0x18, 0x30, 0x30, 0x60, 0x60, 0x78, 0xcc, 0x84, 0x84, 0xcc, 0x78,
    0xcc, 0x82, 0x82, 0xc6, 0x7c, 0x78, 0xcc, 0x86, 0x82, 0x86, 0xc6, 0x7a, 0x06, 0x86, 0xcc, 0x78, 0x80, 0x80, 0x00, 0x00,
    0x00, 0x00, 0x80, 0x80, 0x40, 0x40, 0x00, 0x00, 0x00, 0x00, 0x40, 0x40, 0x80, 0x80, 0x04, 0x0c, 0x30, 0xc0, 0xe0, 0x38,
    0x0c, 0xfc, 0x00, 0x00, 0xfc, 0x80, 0xe0, 0x38, 0x0c, 0x0c, 0x70, 0xc0, 0x78, 0xcc, 0x84, 0x0c, 0x1c, 0x30, 0x20, 0x20,
    0x00, 0x20, 0x20, 0x1f, 0x80, 0x30, 0xc0, 0x60, 0x60, 0xc0, 0x30, 0xcf, 0xb0, 0x99, 0x90, 0x90, 0x90, 0x90, 0x90, 0x90,
    0x90, 0xd9, 0xb0, 0xce, 0xe0, 0x60, 0x00, 0x38, 0x80, 0x1f, 0x80, 0x18, 0x00, 0x1c, 0x00, 0x14, 0x00, 0x34, 0x00, 0x36,
    0x00, 0x22, 0x00, 0x22, 0x00, 0x7f, 0x00, 0x63, 0x00, 0x41, 0x00, 0xc1, 0x80, 0xf8, 0x8c, 0x84, 0x84, 0x8c, 0xf8, 0x84,
    0x82, 0x82, 0x86, 0xfc, 0x3c, 0x67, 0xc1, 0x81, 0x80, 0x80, 0x80, 0x81, 0xc1, 0x67, 0x3c, 0xf8, 0x8e, 0x82, 0x83, 0x81,
    0x81, 0x81, 0x83, 0x82, 0x8e, 0xf8, 0xfc, 0x80, 0x80, 0x80, 0x80, 0xfc, 0x80, 0x80, 0x80, 0x80, 0xfc, 0xfc, 0x80, 0x80,
    0x80, 0x80, 0xfc, 0x80, 0x80, 0x80, 0x80, 0x80, 0x3c, 0x66, 0xc3, 0x81, 0x80, 0x80, 0x8f, 0x83, 0xc3, 0x66, 0x3c, 0x81,
    0x81, 0x81, 0x81, 0x81, 0xff, 0x81, 0x81, 0x81, 0x81, 0x81, 0x80, 0x80, 0x80, 0x80, 0x80, 0x80, 0x80, 0x80, 0x80, 0x80,
    0x80, 0x04, 0x04, 0x04, 0x04, 0x04, 0x04, 0x04, 0x84, 0x84, 0xcc, 0x78, 0x86, 0x84, 0x8c, 0x98, 0xb0, 0xf0, 0xd8, 0x88,
    0x8c, 0x86, 0x82, 0x80, 0x80, 0x80, 0x80, 0x80, 0x80, 0x80, 0x80, 0x80, 0x80, 0xfc, 0xc0, 0xc0, 0xc1, 0xc0, 0xe1, 0xc0,
    0xa1, 0xc0, 0xa3, 0x40, 0xb3, 0x40, 0x92, 0x40, 0x96, 0x40, 0x9c, 0x40, 0x8c, 0x40, 0x8c, 0x40, 0xc1, 0xc1, 0xe1, 0xf1,
    0xb1, 0x99, 0x9d, 0x8f, 0x87, 0x87, 0x83, 0x3e, 0x00, 0x63, 0x00, 0xc1, 0x00, 0x81, 0x80, 0x80, 0x80, 0x80, 0x80, 0x80,
    0x80, 0x81, 0x80, 0xc1, 0x00, 0x63, 0x00, 0x3e, 0x00, 0xf8, 0x8e, 0x86, 0x82, 0x86, 0x86, 0xfc, 0x80, 0x80, 0x80, 0x80,
    0x3e, 0x00, 0x63, 0x00, 0xc1, 0x00, 0x81, 0x80, 0x80, 0x80, 0x80, 0x80, 0x80, 0x80, 0xc9, 0x80, 0xc7, 0x00, 0x77, 0x00,
    0x3f, 0x00, 0x01, 0x00, 0xfc, 0x8e, 0x86, 0x82, 0x82, 0x86, 0xfc, 0x8c, 0x8c, 0x86, 0x82, 0x3c, 0x67, 0x43, 0x40, 0x70,
    0x3e, 0x07, 0x01, 0xc1, 0x67, 0x3c, 0xff, 0x08, 0x08, 0x08, 0x08, 0x08, 0x08, 0x08, 0x08, 0x08, 0x08, 0x81, 0x81, 0x81,
    0x81, 0x81, 0x81, 0x81, 0x81, 0xc3, 0x66, 0x3c, 0xc0, 0x80, 0x41, 0x80, 0x61, 0x80, 0x61, 0x00, 0x23, 0x00, 0x33, 0x00,
    0x12, 0x00, 0x12, 0x00, 0x1e, 0x00, 0x0c, 0x00, 0x0c, 0x00, 0xc3, 0x08, 0x43, 0x08, 0x43, 0x18, 0x67, 0x98, 0x65, 0x90,
    0x24, 0x90, 0x24, 0x90, 0x3c, 0xf0, 0x38, 0xe0, 0x18, 0x60, 0x18, 0x60, 0x41, 0x00, 0x63, 0x00, 0x26, 0x00, 0x36, 0x00,
    0x1c, 0x00, 0x1c, 0x00, 0x1c, 0x00, 0x36, 0x00, 0x22, 0x00, 0x63, 0x00, 0xc1, 0x80, 0xc1, 0x80, 0x43, 0x00, 0x62, 0x00,
    0x36, 0x00, 0x14, 0x00, 0x1c, 0x00, 0x08, 0x00, 0x08, 0x00, 0x08, 0x00, 0x08, 0x00, 0x08, 0x00, 0xfe, 0x06, 0x04, 0x0c,
    0x18, 0x10, 0x30, 0x60, 0x40, 0xc0, 0xfe, 0xe0, 0x80, 0x80, 0x80, 0x80, 0x80, 0x80, 0x80, 0x80, 0x80, 0x80, 0x80, 0xe0,
    0x80, 0x80, 0x80, 0xc0, 0x40, 0x40, 0x40, 0x60, 0x20, 0x20, 0x20, 0x30, 0xe0, 0x20, 0x20, 0x20, 0x20, 0x20, 0x20, 0x20,
    0x20, 0x20, 0x20, 0x20, 0xe0, 0x60, 0x70, 0x50, 0xd0, 0x98, 0xfc, 0xc0, 0x40, 0x78, 0xcc, 0x04, 0x3c, 0xe4, 0x84, 0xcc,
    0x74, 0x80, 0x80, 0x80, 0xb8, 0xcc, 0x86, 0x82, 0x82, 0x86, 0xcc, 0xb8, 0x78, 0xcc, 0x80, 0x80, 0x80, 0x84, 0xcc, 0x78,
    0x04, 0x04, 0x04, 0x74, 0xcc, 0x8c, 0x84, 0x84, 0x8c, 0xcc, 0x74, 0x78, 0xcc, 0x8c, 0xfc, 0x80, 0x80, 0xcc, 0x78, 0x18,
    0x30, 0x20, 0xf8, 0x60, 0x20, 0x20, 0x20, 0x20, 0x20, 0x20, 0x7a, 0xce, 0x86, 0x82, 0x82, 0x86, 0xce, 0x7a, 0x02, 0xc6,
    0x7c, 0x80, 0x80, 0x80, 0xb8, 0xcc, 0x84, 0x84, 0x84, 0x84, 0x84, 0x84, 0x80, 0x00, 0x00, 0x80, 0x80, 0x80, 0x80, 0x80,
    0x80, 0x80, 0x80, 0x40, 0x00, 0x00, 0x40, 0x40, 0x40, 0x40, 0x40, 0x40, 0x40, 0x40, 0x40, 0xc0, 0x80, 0x80, 0x80, 0x80,
    0x8c, 0x98, 0xb0, 0xe0, 0xf0, 0x98, 0x8c, 0x8c, 0x80, 0x80, 0x80, 0x80, 0x80, 0x80, 0x80, 0x80, 0x80, 0x80, 0x80, 0xb3,
    0x00, 0xdd, 0x80, 0x88, 0x80, 0x88, 0x80, 0x88, 0x80, 0x88, 0x80, 0x88, 0x80, 0x88, 0x80, 0xb8, 0xcc, 0x84, 0x84, 0x84,
    0x84, 0x84, 0x84, 0x38, 0xcc, 0x86, 0x82, 0x82, 0x86, 0xcc, 0x78, 0xb8, 0xcc, 0x86, 0x82, 0x82, 0x86, 0xcc, 0xb8, 0x80,
    0x80, 0x80, 0x7a, 0xce, 0x86, 0x82, 0x82, 0xc6, 0xce, 0x7a, 0x02, 0x02, 0x02, 0xb0, 0xc0, 0x80, 0x80, 0x80, 0x80, 0x80,
    0x80, 0x70, 0xd8, 0x80, 0xe0, 0x38, 0x08, 0xd8, 0x70, 0x40, 0x40, 0xf0, 0xc0, 0x40, 0x40, 0x40, 0x40, 0x40, 0x70, 0x84,
    0x84, 0x84, 0x84, 0x84, 0x8c, 0xcc, 0x74, 0xc2, 0x42, 0x66, 0x24, 0x24, 0x3c, 0x18, 0x18, 0x8c, 0xc0, 0x8c, 0xc0, 0xdc,
    0x80, 0xd4, 0x80, 0x57, 0x80, 0x73, 0x80, 0x73, 0x00, 0x23, 0x00, 0xc6, 0x6c, 0x28, 0x38, 0x38, 0x28, 0x6c, 0xc6, 0xc2,
    0x42, 0x66, 0x24, 0x24, 0x3c, 0x18, 0x18, 0x18, 0x30, 0x60, 0xfc, 0x0c, 0x18, 0x10, 0x30, 0x60, 0xc0, 0xfc, 0x18, 0x30,
    0x20, 0x20, 0x20, 0x20, 0xc0, 0x60, 0x20, 0x20, 0x20, 0x30, 0x18, 0x80, 0x80, 0x80, 0x80, 0x80, 0x80, 0x80, 0x80, 0x80,
    0x80, 0x80, 0x80, 0x80, 0x80, 0x80, 0x80, 0x80, 0x80, 0xc0, 0x60, 0x20, 0x20, 0x20, 0x20, 0x10, 0x30, 0x20, 0x20, 0x20,
    0x60, 0xc0, 0x62, 0xd6, 0x8c, 0x80, 0x80, 0x60, 0xf0, 0xf0, 0xf0, 0x60, 0x04, 0x00, 0x02, 0x00, 0x03, 0x00, 0x00, 0x80,
    0xff, 0xc0, 0x00, 0x80, 0x01, 0x00, 0x02, 0x00, 0x04, 0x00, 0x08, 0x00, 0x10, 0x00, 0x30, 0x00, 0x40, 0x00, 0xff, 0xc0,
    0x40, 0x00, 0x20, 0x00, 0x10, 0x00, 0x08, 0x00, 0x88, 0x80, 0x88, 0x80, 0xfe, 0xff, 0xfc, 0x60, 0xf0, 0x90, 0xb0, 0xe0,
    0x10, 0x10, 0xfe, 0x30, 0x10, 0x00, 0xfe, 0x8c, 0xd8, 0x70, 0x70, 0xd8, 0x8c,
};
static const beacon_glyph_t k_ui14_glyphs[] = {
    {0, 4, 0, 0, 0, 0},  // U+0020
    {0, 4, 2, 11, 1, 11},  // U+0021
    {11, 7, 2, 11, 3, 4},  // U+0022
    {15, 9, 0, 11, 9, 11},  // U+0023
    {37, 9, 1, 12, 8, 14},  // U+0024
    {51, 14, 2, 11, 11, 11},  // U+0025
    {73, 9, 1, 11, 7, 11},  // U+0026
    {84, 4, 2, 11, 1, 4},  // U+0027
    {88, 5, 2, 11, 3, 13},  // U+0028
    {101, 5, 1, 11, 3, 13},  // U+0029
    {114, 7, 1, 11, 5, 6},  // U+002A
    {120, 9, 1, 8, 7, 7},  // U+002B
    {127, 4, 1, 1, 2, 4},  // U+002C
    {131, 6, 1, 5, 4, 1},  // U+002D
    {132, 4, 1, 2, 1, 2},  // U+002E
    {134, 5, 0, 10, 5, 12},  // U+002F
    {146, 9, 1, 11, 7, 11},  // U+0030
    {157, 6, 0, 11, 4, 11},  // U+0031
    {168, 9, 1, 11, 6, 11},  // U+0032
    {179, 9, 1, 11, 6, 11},  // U+0033
    {190, 9, 1, 11, 8, 11},  // U+0034
    {201, 8, 1, 11, 6, 11},  // U+0035
    {212, 9, 1, 11, 7, 11},  // U+0036
    {223, 8, 1, 11, 7, 11},  // U+0037
    {234, 9, 1, 11, 7, 11},  // U+0038
    {245, 9, 1, 11, 7, 11},  // U+0039
    {256, 4, 1, 8, 1, 8},  // U+003A
    {264, 4, 1, 7, 2, 10},  // U+003B
    {274, 9, 1, 8, 6, 7},  // U+003C
    {281, 9, 2, 6, 6, 4},  // U+003D
    {285, 9, 2, 8, 6, 7},  // U+003E
    {292, 7, 1, 11, 6, 11},  // U+003F
    {303, 14, 1, 11, 12, 14},  // U+0040
    {331, 10, 0, 11, 9, 11},  // U+0041
    {353, 9, 1, 11, 7, 11},  // U+0042
    {364, 10, 1, 11, 8, 11},  // U+0043
    {375, 10, 1, 11, 8, 11},  // U+0044
    {386, 8, 1, 11, 6, 11},  // U+0045
    {397, 8, 1, 11, 6, 11},  // U+0046
    {408, 10, 1, 11, 8, 11},  // U+0047
    {419, 10, 1, 11, 8, 11},  // U+0048
    {430, 4, 1, 11, 1, 11},  // U+0049
    {441, 8, 1, 11, 6, 11},  // U+004A
    {452, 10, 1, 11, 7, 11},  // U+004B
    {463, 8, 1, 11, 6, 11},  // U+004C
    {474, 13, 1, 11, 10, 11},  // U+004D
    {496, 11, 1, 11, 8, 11},  // U+004E
    {507, 11, 1, 11, 9, 11},  // U+004F
    {529, 9, 1, 11, 7, 11},  // U+0050
    {540, 11, 1, 11, 9, 12},  // U+0051
    {564, 9, 1, 11, 7, 11},  // U+0052
    {575, 9, 1, 11, 8, 11},  // U+0053
    {586, 9, 1, 11, 8, 11},  // U+0054
    {597, 10, 1, 11, 8, 11},  // U+0055
    {608, 10, 0, 11, 9, 11},  // U+0056
    {630, 14, 0, 11, 13, 11},  // U+0057
    {652, 10, 0, 11, 9, 11},  // U+0058
    {674, 10, 0, 11, 9, 11},  // U+0059
    {696, 9, 1, 11, 7, 11},  // U+005A
    {707, 5, 2, 11, 3, 13},  // U+005B
    {720, 5, 1, 10, 4, 12},  // U+005C
    {732, 5, 1, 11, 3, 13},  // U+005D
    {745, 7, 1, 11, 5, 5},  // U+005E
    {750, 6, 0, 0, 6, 1},  // U+005F
    {751, 5, 1, 11, 2, 2},  // U+0060
    {753, 8, 1, 8, 6, 8},  // U+0061
    {761, 9, 1, 11, 7, 11},  // U+0062
    {772, 8, 1, 8, 6, 8},  // U+0063
    {780, 9, 1, 11, 6, 11},  // U+0064
    {791, 8, 1, 8, 6, 8},  // U+0065
    {799, 5, 0, 11, 5, 11},  // U+0066
    {810, 9, 1, 8, 7, 11},  // U+0067
    {821, 8, 1, 11, 6, 11},  // U+0068
    {832, 3, 1, 11, 1, 11},  // U+0069
    {843, 3, 0, 11, 2, 14},  // U+006A
    {857, 8, 1, 11, 6, 11},  // U+006B
    {868, 3, 1, 11, 1, 11},  // U+006C
    {879, 12, 1, 8, 9, 8},  // U+006D
    {895, 8, 1, 8, 6, 8},  // U+006E
    {903, 8, 1, 8, 7, 8},  // U+006F
    {911, 9, 1, 8, 7, 11},  // U+0070
    {922, 9, 1, 8, 7, 11},  // U+0071
    {933, 5, 1, 8, 4, 8},  // U+0072
    {941, 7, 1, 8, 5, 8},  // U+0073
    {949, 5, 1, 10, 4, 10},  // U+0074
    {959, 8, 1, 8, 6, 8},  // U+0075
    {967, 8, 0, 8, 7, 8},  // U+0076
    {975, 12, 1, 8, 10, 8},  // U+0077
    {991, 8, 0, 8, 7, 8},  // U+0078
    {999, 8, 0, 8, 7, 11},  // U+0079
    {1010, 8, 1, 8, 6, 8},  // U+007A
    {1018, 6, 0, 11, 5, 13},  // U+007B
    {1031, 5, 2, 15, 1, 18},  // U+007C
    {1049, 6, 1, 11, 4, 13},  // U+007D
    {1062, 9, 1, 6, 7, 3},  // U+007E
    {1065, 4, 1, 6, 1, 2},  // U+00B7
    {1067, 8, 2, 7, 4, 5},  // U+2022
    {1072, 13, 2, 9, 10, 9},  // U+2192
    {1090, 13, 2, 9, 10, 9},  // U+2190
    {1108, 12, 1, 2, 9, 2},  // U+2026
    {1112, 7, 0, 5, 7, 1},  // U+2013
    {1113, 14, 0, 5, 14, 1},  // U+2014
    {1115, 6, 1, 11, 4, 5},  // U+00B0
    {1120, 9, 1, 8, 7, 7},  // U+00B1
    {1127, 9, 2, 7, 6, 6},  // U+00D7
};
static const uint16_t k_ui14_cps[] = {
    32, 33, 34, 35, 36, 37, 38, 39, 40, 41, 42, 43,
    44, 45, 46, 47, 48, 49, 50, 51, 52, 53, 54, 55,
    56, 57, 58, 59, 60, 61, 62, 63, 64, 65, 66, 67,
    68, 69, 70, 71, 72, 73, 74, 75, 76, 77, 78, 79,
    80, 81, 82, 83, 84, 85, 86, 87, 88, 89, 90, 91,
    92, 93, 94, 95, 96, 97, 98, 99, 100, 101, 102, 103,
    104, 105, 106, 107, 108, 109, 110, 111, 112, 113, 114, 115,
    116, 117, 118, 119, 120, 121, 122, 123, 124, 125, 126, 183,
    8226, 8594, 8592, 8230, 8211, 8212, 176, 177, 215,
};
const beacon_font_t beacon_font_ui14 = {
    .name = "ui14",
    .ascent = 14,
    .descent = 4,
    .line_height = 18,
    .count = 105,
    .codepoints = k_ui14_cps,
    .glyphs = k_ui14_glyphs,
    .bits = k_ui14_bits,
};

static const uint8_t k_ui14b_bits[] = {
    0xc0, 0xc0, 0xc0, 0xc0, 0xc0, 0xc0, 0xc0, 0x00, 0x00, 0xc0, 0xc0, 0xd8, 0xd8, 0xd8, 0xd8, 0x13, 0x00, 0x13, 0x00, 0x33,
    0x00, 0x7f, 0x80, 0x7f, 0x80, 0x32, 0x00, 0x26, 0x00, 0xff, 0x00, 0xff, 0x00, 0x66, 0x00, 0x64, 0x00, 0x10, 0x3c, 0x7e,
    0xd7, 0xf0, 0xf8, 0x7e, 0x1f, 0x13, 0xd3, 0x7e, 0x3c, 0x10, 0x60, 0xc0, 0xf0, 0xc0, 0x91, 0x80, 0x93, 0x00, 0xf2, 0x00,
    0x66, 0x00, 0x0c, 0x60, 0x08, 0xb0, 0x18, 0x90, 0x30, 0xf0, 0x20, 0x60, 0x38, 0x7c, 0x6c, 0x7c, 0x78, 0x78, 0xfb, 0xdf,
    0xcf, 0xff, 0x7f, 0xc0, 0xc0, 0xc0, 0xc0, 0x70, 0x60, 0x60, 0xe0, 0xc0, 0xc0, 0xc0, 0xc0, 0xc0, 0xe0, 0x60, 0x60, 0x70,
    0xc0, 0xc0, 0xe0, 0x60, 0x60, 0x60, 0x60, 0x60, 0x60, 0x60, 0xe0, 0xc0, 0xc0, 0x20, 0xa8, 0xf8, 0xf8, 0xa8, 0x20, 0x18,
    0x18, 0x18, 0xff, 0x7e, 0x18, 0x18, 0x18, 0xc0, 0xc0, 0xc0, 0x80, 0xf8, 0xf8, 0xc0, 0xc0, 0xc0, 0x08, 0x18, 0x18, 0x18,
    0x30, 0x30, 0x30, 0x30, 0x60, 0x60, 0x60, 0x40, 0xc0, 0x3c, 0x7e, 0x67, 0xc3, 0xc3, 0xc3, 0xc3, 0xc3, 0x67, 0x7e, 0x3c,
    0x38, 0x78, 0xd8, 0x18, 0x18, 0x18, 0x18, 0x18, 0x18, 0x18, 0x18, 0x3c, 0x7e, 0xc6, 0x06, 0x06, 0x0c, 0x1c, 0x38, 0x70,
    0xfe, 0xfe, 0x78, 0xfe, 0xc6, 0x06, 0x0e, 0x3c, 0x3c, 0x06, 0xc6, 0xfe, 0x7c, 0x0e, 0x00, 0x1e, 0x00, 0x1e, 0x00, 0x36,
    0x00, 0x36, 0x00, 0x66, 0x00, 0xe6, 0x00, 0xff, 0x00, 0xff, 0x80, 0x06, 0x00, 0x06, 0x00, 0xfe, 0xfe, 0xc0, 0xc0, 0xfc,
    0xfe, 0x06, 0x06, 0xc6, 0xfe, 0x78, 0x3c, 0x7e, 0x67, 0xc0, 0xde, 0xff, 0xe7, 0xc3, 0xe7, 0x7e, 0x3c, 0xfe, 0xfe, 0x0e,
    0x0c, 0x0c, 0x18, 0x18, 0x30, 0x30, 0x70, 0x60, 0x3c, 0xff, 0xc3, 0xc3, 0x7e, 0x7e, 0xe7, 0xc3, 0xe7, 0x7e, 0x3c, 0x3c,
    0x7e, 0xe7, 0xc3, 0xe7, 0xff, 0x7b, 0x07, 0xe6, 0x7e, 0x3c, 0xc0, 0xc0, 0xc0, 0x00, 0x00, 0xc0, 0xc0, 0xc0, 0xc0, 0xc0,
    0xc0, 0x00, 0x00, 0x00, 0x00, 0xc0, 0xc0, 0x80, 0x80, 0x06, 0x1e, 0x78, 0xe0, 0xf0, 0x3c, 0x0e, 0x02, 0xfe, 0xfe, 0x00,
    0xfe, 0xfe, 0xc0, 0xf0, 0x3c, 0x0e, 0x1e, 0x78, 0xe0, 0x80, 0x7c, 0xfe, 0xc6, 0x06, 0x0e, 0x1c, 0x30, 0x30, 0x00, 0x30,
    0x30, 0x0f, 0x80, 0x3f, 0xe0, 0x70, 0x70, 0x60, 0x38, 0xe7, 0xd8, 0xcf, 0xd8, 0xd8, 0xd8, 0xd8, 0xd8, 0xd8, 0xd8, 0xef,
    0xf8, 0x6f, 0x70, 0x70, 0x00, 0x3f, 0xc0, 0x0f, 0xc0, 0x1c, 0x00, 0x1c, 0x00, 0x3e, 0x00, 0x36, 0x00, 0x36, 0x00, 0x77,
    0x00, 0x67, 0x00, 0x7f, 0x00, 0x7f, 0x00, 0xe3, 0x80, 0xc1, 0x80, 0xfc, 0xfe, 0xc6, 0xc6, 0xc6, 0xfc, 0xfe, 0xc3, 0xc3,
    0xff, 0xfe, 0x1e, 0x00, 0x7f, 0x00, 0x63, 0x80, 0xe1, 0x80, 0xc0, 0x00, 0xc0, 0x00, 0xc0, 0x00, 0xe1, 0x80, 0x63, 0x80,
    0x7f, 0x00, 0x1e, 0x00, 0xfc, 0x00, 0xff, 0x00, 0xc3, 0x00, 0xc3, 0x80, 0xc1, 0x80, 0xc1, 0x80, 0xc1, 0x80, 0xc3, 0x80,
    0xc3, 0x00, 0xff, 0x00, 0xfc, 0x00, 0xfe, 0xfe, 0xc0, 0xc0, 0xc0, 0xfe, 0xfc, 0xc0, 0xc0, 0xfe, 0xfe, 0xfe, 0xfe, 0xc0,
    0xc0, 0xc0, 0xfc, 0xfe, 0xc0, 0xc0, 0xc0, 0xc0, 0x1e, 0x00, 0x7f, 0x00, 0x63, 0x80, 0xe1, 0x80, 0xc0, 0x00, 0xc7, 0x80,
    0xc7, 0x80, 0xe1, 0x80, 0x63, 0x80, 0x7f, 0x00, 0x1e, 0x00, 0xc1, 0x80, 0xc1, 0x80, 0xc1, 0x80, 0xc1, 0x80, 0xc1, 0x80,
    0xff, 0x80, 0xff, 0x80, 0xc1, 0x80, 0xc1, 0x80, 0xc1, 0x80, 0xc1, 0x80, 0xc0, 0xc0, 0xc0, 0xc0, 0xc0, 0xc0, 0xc0, 0xc0,
    0xc0, 0xc0, 0xc0, 0x06, 0x06, 0x06, 0x06, 0x06, 0x06, 0x06, 0xc6, 0xc6, 0x7c, 0x38, 0xc3, 0x00, 0xc7, 0x00, 0xce, 0x00,
    0xdc, 0x00, 0xd8, 0x00, 0xfc, 0x00, 0xfc, 0x00, 0xee, 0x00, 0xc6, 0x00, 0xc7, 0x00, 0xc3, 0x80, 0xc0, 0xc0, 0xc0, 0xc0,
    0xc0, 0xc0, 0xc0, 0xc0, 0xc0, 0xfc, 0xfe, 0xf0, 0xe0, 0xf1, 0xe0, 0xf1, 0xe0, 0xf9, 0xe0, 0xfb, 0xe0, 0xdb, 0x60, 0xdb,
    0x60, 0xcf, 0x60, 0xce, 0x60, 0xce, 0x60, 0xc6, 0x60, 0xe1, 0x80, 0xe1, 0x80, 0xf1, 0x80, 0xf9, 0x80, 0xf9, 0x80, 0xdd,
    0x80, 0xcf, 0x80, 0xcf, 0x80, 0xc7, 0x80, 0xc3, 0x80, 0xc3, 0x80, 0x1e, 0x00, 0x7f, 0x00, 0x63, 0x80, 0xe1, 0x80, 0xc1,
    0x80, 0xc1, 0x80, 0xc1, 0x80, 0xe1, 0x80, 0x63, 0x80, 0x7f, 0x00, 0x1e, 0x00, 0xfc, 0xfe, 0xc7, 0xc3, 0xc3, 0xc7, 0xfe,
    0xfc, 0xc0, 0xc0, 0xc0, 0x1e, 0x00, 0x7f, 0x00, 0x63, 0x80, 0xe1, 0x80, 0xc1, 0x80, 0xc1, 0x80, 0xc1, 0x80, 0xef, 0x80,
    0x67, 0x80, 0x7f, 0x00, 0x1f, 0x00, 0x01, 0x00, 0xfc, 0xfe, 0xc7, 0xc3, 0xc7, 0xfe, 0xfe, 0xce, 0xc6, 0xc7, 0xc3, 0x3c,
    0x7e, 0xc7, 0xe0, 0xf8, 0x7e, 0x1f, 0x03, 0xc3, 0x7e, 0x3c, 0xff, 0xff, 0x18, 0x18, 0x18, 0x18, 0x18, 0x18, 0x18, 0x18,
    0x18, 0xc3, 0xc3, 0xc3, 0xc3, 0xc3, 0xc3, 0xc3, 0xc3, 0xe7, 0x7e, 0x3c, 0xe0, 0xc0, 0x61, 0xc0, 0x71, 0x80, 0x71, 0x80,
    0x33, 0x80, 0x33, 0x80, 0x3b, 0x00, 0x1b, 0x00, 0x1f, 0x00, 0x1e, 0x00, 0x0e, 0x00, 0xe3, 0x8c, 0x63, 0x8c, 0x63, 0x9c,
    0x77, 0x98, 0x77, 0xd8, 0x36, 0xd8, 0x36, 0xd8, 0x3c, 0xf0, 0x3c, 0xf0, 0x1c, 0x70, 0x1c, 0x70, 0xe3, 0x80, 0x73, 0x00,
    0x37, 0x00, 0x3e, 0x00, 0x1e, 0x00, 0x1c, 0x00, 0x1e, 0x00, 0x3e, 0x00, 0x77, 0x00, 0x63, 0x80, 0xe1, 0x80, 0xe1, 0xc0,
    0x71, 0x80, 0x33, 0x80, 0x3b, 0x00, 0x1f, 0x00, 0x1e, 0x00, 0x0c, 0x00, 0x0c, 0x00, 0x0c, 0x00, 0x0c, 0x00, 0x0c, 0x00,
    0xff, 0xff, 0x06, 0x0e, 0x1c, 0x18, 0x38, 0x70, 0x60, 0xff, 0xff, 0xf0, 0xe0, 0xc0, 0xc0, 0xc0, 0xc0, 0xc0, 0xc0, 0xc0,
    0xc0, 0xc0, 0xe0, 0xf0, 0x40, 0xc0, 0x60, 0x60, 0x60, 0x60, 0x30, 0x30, 0x30, 0x10, 0x18, 0x18, 0x18, 0xf0, 0x70, 0x30,
    0x30, 0x30, 0x30, 0x30, 0x30, 0x30, 0x30, 0x30, 0x70, 0xf0, 0x70, 0x70, 0xd0, 0xd8, 0x88, 0xfe, 0xfe, 0x80, 0xc0, 0x78,
    0xfc, 0x0c, 0x3c, 0xec, 0x8c, 0xfc, 0xec, 0xc0, 0xc0, 0xc0, 0xdc, 0xfe, 0xe6, 0xc6, 0xc6, 0xe6, 0xfe, 0xdc, 0x3c, 0x7e,
    0xe6, 0xc0, 0xc0, 0xe6, 0x7e, 0x3c, 0x06, 0x06, 0x06, 0x76, 0x7e, 0xe6, 0xc6, 0xc6, 0xe6, 0x7e, 0x76, 0x38, 0x7c, 0xe6,
    0xfe, 0xfe, 0xe0, 0x7e, 0x3c, 0x3c, 0x38, 0x30, 0xfc, 0x78, 0x30, 0x30, 0x30, 0x30, 0x30, 0x30, 0x76, 0x7e, 0xe6, 0xc6,
    0xc6, 0xe6, 0x7e, 0x76, 0x06, 0xfe, 0x7c, 0xc0, 0xc0, 0xc0, 0xdc, 0xfe, 0xe6, 0xc6, 0xc6, 0xc6, 0xc6, 0xc6, 0xc0, 0x00,
    0x00, 0xc0, 0xc0, 0xc0, 0xc0, 0xc0, 0xc0, 0xc0, 0xc0, 0x60, 0x00, 0x00, 0x60, 0x60, 0x60, 0x60, 0x60, 0x60, 0x60, 0x60,
    0x60, 0xe0, 0xc0, 0xc0, 0xc0, 0xc0, 0xce, 0xcc, 0xf8, 0xf8, 0xf8, 0xdc, 0xcc, 0xce, 0xc0, 0xc0, 0xc0, 0xc0, 0xc0, 0xc0,
    0xc0, 0xc0, 0xc0, 0xc0, 0xc0, 0xdc, 0xe0, 0xff, 0xf0, 0xc6, 0x70, 0xc6, 0x30, 0xc6, 0x30, 0xc6, 0x30, 0xc6, 0x30, 0xc6,
    0x30, 0xdc, 0xfe, 0xe6, 0xc6, 0xc6, 0xc6, 0xc6, 0xc6, 0x38, 0x7e, 0xe6, 0xc6, 0xc6, 0xe6, 0x7e, 0x38, 0xdc, 0xfe, 0xe6,
    0xc6, 0xc6, 0xe6, 0xfe, 0xdc, 0xc0, 0xc0, 0xc0, 0x76, 0x7e, 0xe6, 0xc6, 0xc6, 0xe6, 0x7e, 0x76, 0x06, 0x06, 0x06, 0xd8,
    0xf0, 0xe0, 0xc0, 0xc0, 0xc0, 0xc0, 0xc0, 0x7c, 0xfe, 0xc0, 0xf8, 0x3e, 0xc6, 0xfe, 0x7c, 0x60, 0x60, 0xf8, 0xf0, 0x60,
    0x60, 0x60, 0x60, 0x70, 0x38, 0xc6, 0xc6, 0xc6, 0xc6, 0xc6, 0xe6, 0xfe, 0x76, 0xe3, 0x63, 0x66, 0x76, 0x36, 0x3c, 0x3c,
    0x1c, 0xe6, 0x70, 0x66, 0x60, 0x6f, 0x60, 0x6f, 0x60, 0x6f, 0xe0, 0x39, 0xc0, 0x39, 0xc0, 0x39, 0xc0, 0xe7, 0x66, 0x3c,
    0x3c, 0x3c, 0x3c, 0x66, 0xe7, 0xe3, 0x63, 0x66, 0x76, 0x36, 0x3c, 0x3c, 0x1c, 0x18, 0x78, 0x70, 0xfc, 0xfc, 0x18, 0x38,
    0x30, 0x60, 0xfc, 0xfc, 0x38, 0x30, 0x30, 0x30, 0x30, 0xf0, 0xe0, 0x70, 0x30, 0x30, 0x30, 0x38, 0x18, 0xc0, 0xc0, 0xc0,
    0xc0, 0xc0, 0xc0, 0xc0, 0xc0, 0xc0, 0xc0, 0xc0, 0xc0, 0xc0, 0xc0, 0xc0, 0xc0, 0xc0, 0xf0, 0x70, 0x30, 0x30, 0x30, 0x3c,
    0x1c, 0x38, 0x30, 0x30, 0x30, 0xf0, 0x60, 0x72, 0xfe, 0xce, 0xc0, 0xc0, 0xc0, 0x60, 0xf0, 0xf0, 0xf0, 0x60, 0x04, 0x00,
    0x0e, 0x00, 0x07, 0x00, 0x03, 0x80, 0xff, 0xc0, 0xff, 0xc0, 0x01, 0x80, 0x03, 0x00, 0x06, 0x00, 0x0c, 0x00, 0x08, 0x00,
    0x1c, 0x00, 0x38, 0x00, 0x70, 0x00, 0xff, 0xc0, 0xff, 0xc0, 0x60, 0x00, 0x30, 0x00, 0x18, 0x00, 0x0c, 0x00, 0xc6, 0x20,
    0xc6, 0x30, 0xc6, 0x20, 0xfe, 0xfe, 0xff, 0xfc, 0xff, 0xfc, 0x70, 0xf8, 0x88, 0xf8, 0x70, 0x18, 0x18, 0xfe, 0xfe, 0x18,
    0x00, 0xfe, 0xfe, 0x42, 0xe6, 0x7c, 0x38, 0x3c, 0x7e, 0xe6,
};
static const beacon_glyph_t k_ui14b_glyphs[] = {
    {0, 3, 0, 0, 0, 0},  // U+0020
    {0, 5, 1, 11, 2, 11},  // U+0021
    {11, 8, 1, 11, 5, 4},  // U+0022
    {15, 9, 0, 11, 9, 11},  // U+0023
    {37, 9, 1, 12, 8, 13},  // U+0024
    {50, 14, 1, 11, 12, 11},  // U+0025
    {72, 9, 1, 11, 8, 11},  // U+0026
    {83, 5, 1, 11, 2, 4},  // U+0027
    {87, 5, 1, 11, 4, 13},  // U+0028
    {100, 5, 1, 11, 3, 13},  // U+0029
    {113, 8, 2, 11, 5, 6},  // U+002A
    {119, 10, 1, 8, 8, 8},  // U+002B
    {127, 5, 1, 1, 2, 4},  // U+002C
    {131, 7, 1, 5, 5, 2},  // U+002D
    {133, 5, 1, 3, 2, 3},  // U+002E
    {136, 6, 0, 11, 5, 13},  // U+002F
    {149, 10, 1, 11, 8, 11},  // U+0030
    {160, 6, 0, 11, 5, 11},  // U+0031
    {171, 9, 1, 11, 7, 11},  // U+0032
    {182, 9, 1, 11, 7, 11},  // U+0033
    {193, 10, 1, 11, 9, 11},  // U+0034
    {215, 9, 1, 11, 7, 11},  // U+0035
    {226, 9, 1, 11, 8, 11},  // U+0036
    {237, 8, 1, 11, 7, 11},  // U+0037
    {248, 9, 1, 11, 8, 11},  // U+0038
    {259, 9, 1, 11, 8, 11},  // U+0039
    {270, 5, 1, 8, 2, 8},  // U+003A
    {278, 5, 1, 8, 2, 11},  // U+003B
    {289, 10, 1, 8, 7, 8},  // U+003C
    {297, 10, 1, 7, 7, 5},  // U+003D
    {302, 10, 1, 8, 7, 8},  // U+003E
    {310, 8, 1, 11, 7, 11},  // U+003F
    {321, 14, 1, 11, 13, 14},  // U+0040
    {349, 11, 1, 11, 9, 11},  // U+0041
    {371, 9, 1, 11, 8, 11},  // U+0042
    {382, 10, 1, 11, 9, 11},  // U+0043
    {404, 10, 1, 11, 9, 11},  // U+0044
    {426, 9, 1, 11, 7, 11},  // U+0045
    {437, 8, 1, 11, 7, 11},  // U+0046
    {448, 11, 1, 11, 9, 11},  // U+0047
    {470, 10, 1, 11, 9, 11},  // U+0048
    {492, 4, 1, 11, 2, 11},  // U+0049
    {503, 8, 1, 11, 7, 11},  // U+004A
    {514, 10, 1, 11, 9, 11},  // U+004B
    {536, 8, 1, 11, 7, 11},  // U+004C
    {547, 13, 1, 11, 11, 11},  // U+004D
    {569, 11, 1, 11, 9, 11},  // U+004E
    {591, 11, 1, 11, 9, 11},  // U+004F
    {613, 9, 1, 11, 8, 11},  // U+0050
    {624, 11, 1, 11, 9, 12},  // U+0051
    {648, 9, 1, 11, 8, 11},  // U+0052
    {659, 9, 1, 11, 8, 11},  // U+0053
    {670, 9, 1, 11, 8, 11},  // U+0054
    {681, 10, 1, 11, 8, 11},  // U+0055
    {692, 11, 0, 11, 10, 11},  // U+0056
    {714, 15, 0, 11, 14, 11},  // U+0057
    {736, 10, 1, 11, 9, 11},  // U+0058
    {758, 10, 0, 11, 10, 11},  // U+0059
    {780, 9, 1, 11, 8, 11},  // U+005A
    {791, 5, 1, 11, 4, 13},  // U+005B
    {804, 6, 0, 11, 5, 13},  // U+005C
    {817, 5, 0, 11, 4, 13},  // U+005D
    {830, 7, 1, 11, 5, 5},  // U+005E
    {835, 7, 0, 0, 7, 2},  // U+005F
    {837, 5, 2, 11, 2, 2},  // U+0060
    {839, 8, 1, 8, 6, 8},  // U+0061
    {847, 9, 1, 11, 7, 11},  // U+0062
    {858, 8, 1, 8, 7, 8},  // U+0063
    {866, 9, 1, 11, 7, 11},  // U+0064
    {877, 8, 1, 8, 7, 8},  // U+0065
    {885, 6, 0, 11, 6, 11},  // U+0066
    {896, 9, 1, 8, 7, 11},  // U+0067
    {907, 9, 1, 11, 7, 11},  // U+0068
    {918, 4, 1, 11, 2, 11},  // U+0069
    {929, 4, 0, 11, 3, 14},  // U+006A
    {943, 8, 1, 11, 7, 11},  // U+006B
    {954, 4, 1, 11, 2, 11},  // U+006C
    {965, 13, 1, 8, 12, 8},  // U+006D
    {981, 9, 1, 8, 7, 8},  // U+006E
    {989, 9, 1, 8, 7, 8},  // U+006F
    {997, 9, 1, 8, 7, 11},  // U+0070
    {1008, 9, 1, 8, 7, 11},  // U+0071
    {1019, 6, 1, 8, 5, 8},  // U+0072
    {1027, 8, 1, 8, 7, 8},  // U+0073
    {1035, 5, 1, 10, 5, 10},  // U+0074
    {1045, 9, 1, 8, 7, 8},  // U+0075
    {1053, 8, 0, 8, 8, 8},  // U+0076
    {1061, 12, 0, 8, 12, 8},  // U+0077
    {1077, 8, 0, 8, 8, 8},  // U+0078
    {1085, 9, 0, 8, 8, 11},  // U+0079
    {1096, 8, 1, 8, 6, 8},  // U+007A
    {1104, 7, 1, 11, 5, 13},  // U+007B
    {1117, 5, 2, 14, 2, 17},  // U+007C
    {1134, 7, 0, 11, 6, 13},  // U+007D
    {1147, 10, 1, 6, 7, 3},  // U+007E
    {1150, 5, 1, 7, 2, 3},  // U+00B7
    {1153, 6, 1, 7, 4, 5},  // U+2022
    {1158, 13, 2, 10, 10, 10},  // U+2192
    {1178, 13, 2, 10, 10, 10},  // U+2190
    {1198, 14, 1, 3, 12, 3},  // U+2026
    {1204, 7, 0, 5, 7, 2},  // U+2013
    {1206, 14, 0, 5, 14, 2},  // U+2014
    {1210, 6, 1, 11, 5, 5},  // U+00B0
    {1215, 10, 1, 8, 7, 8},  // U+00B1
    {1223, 10, 1, 8, 7, 7},  // U+00D7
};
static const uint16_t k_ui14b_cps[] = {
    32, 33, 34, 35, 36, 37, 38, 39, 40, 41, 42, 43,
    44, 45, 46, 47, 48, 49, 50, 51, 52, 53, 54, 55,
    56, 57, 58, 59, 60, 61, 62, 63, 64, 65, 66, 67,
    68, 69, 70, 71, 72, 73, 74, 75, 76, 77, 78, 79,
    80, 81, 82, 83, 84, 85, 86, 87, 88, 89, 90, 91,
    92, 93, 94, 95, 96, 97, 98, 99, 100, 101, 102, 103,
    104, 105, 106, 107, 108, 109, 110, 111, 112, 113, 114, 115,
    116, 117, 118, 119, 120, 121, 122, 123, 124, 125, 126, 183,
    8226, 8594, 8592, 8230, 8211, 8212, 176, 177, 215,
};
const beacon_font_t beacon_font_ui14b = {
    .name = "ui14b",
    .ascent = 14,
    .descent = 4,
    .line_height = 18,
    .count = 105,
    .codepoints = k_ui14b_cps,
    .glyphs = k_ui14b_glyphs,
    .bits = k_ui14b_bits,
};

static const uint8_t k_ui18b_bits[] = {
    0xe0, 0xe0, 0xe0, 0xe0, 0xe0, 0xe0, 0xe0, 0xe0, 0xe0, 0x00, 0xc0, 0xe0, 0xc0, 0xee, 0xee, 0xee, 0xee, 0xee, 0x1c, 0xc0,
    0x18, 0xc0, 0x18, 0xc0, 0x7f, 0xe0, 0x7f, 0xe0, 0x39, 0x80, 0x39, 0x80, 0x39, 0x80, 0xff, 0xe0, 0xff, 0xc0, 0x33, 0x00,
    0x33, 0x00, 0x73, 0x00, 0x04, 0x00, 0x04, 0x00, 0x04, 0x00, 0x1f, 0x00, 0x7f, 0x80, 0x77, 0xc0, 0xe5, 0xc0, 0xf4, 0x00,
    0x7c, 0x00, 0x3f, 0x80, 0x0f, 0xc0, 0x05, 0xc0, 0xe5, 0xc0, 0xf7, 0xc0, 0x7f, 0x80, 0x3f, 0x00, 0x04, 0x00, 0x04, 0x00,
    0x78, 0x18, 0xfc, 0x30, 0xcc, 0x60, 0xcc, 0x40, 0xfc, 0xc0, 0x79, 0x80, 0x03, 0x18, 0x03, 0x3c, 0x06, 0x66, 0x0c, 0x66,
    0x0c, 0x66, 0x18, 0x7e, 0x30, 0x3c, 0x1e, 0x00, 0x3f, 0x00, 0x73, 0x80, 0x73, 0x80, 0x77, 0x00, 0x3e, 0x00, 0x3c, 0x60,
    0x7e, 0x60, 0xe7, 0xc0, 0xe7, 0xc0, 0xf3, 0xc0, 0x7f, 0xc0, 0x3e, 0xe0, 0xe0, 0xe0, 0xe0, 0xe0, 0xe0, 0x38, 0x70, 0x70,
    0x70, 0x60, 0xe0, 0xe0, 0xe0, 0xe0, 0xe0, 0xe0, 0xe0, 0xe0, 0x70, 0x70, 0x70, 0x38, 0xe0, 0x60, 0x70, 0x70, 0x70, 0x30,
    0x38, 0x38, 0x38, 0x38, 0x38, 0x38, 0x70, 0x70, 0x70, 0x60, 0xe0, 0x18, 0x5a, 0xfe, 0x3c, 0xfe, 0x5a, 0x18, 0x0e, 0x00,
    0x0e, 0x00, 0x0e, 0x00, 0x0e, 0x00, 0xff, 0xc0, 0xff, 0xc0, 0x0e, 0x00, 0x0e, 0x00, 0x0e, 0x00, 0x60, 0xe0, 0xe0, 0xc0,
    0xc0, 0xfc, 0xfc, 0xc0, 0xe0, 0xc0, 0x0e, 0x0c, 0x0c, 0x1c, 0x1c, 0x18, 0x18, 0x38, 0x38, 0x30, 0x30, 0x70, 0x60, 0x60,
    0x60, 0xe0, 0x1f, 0x00, 0x3f, 0x80, 0x73, 0xc0, 0xe1, 0xc0, 0xe0, 0xe0, 0xe0, 0xe0, 0xe0, 0xe0, 0xe0, 0xe0, 0xe0, 0xe0,
    0xe1, 0xc0, 0x73, 0xc0, 0x3f, 0x80, 0x1f, 0x00, 0x3c, 0x7c, 0xfc, 0x9c, 0x1c, 0x1c, 0x1c, 0x1c, 0x1c, 0x1c, 0x1c, 0x1c,
    0x1c, 0x3e, 0x00, 0x7f, 0x00, 0xf7, 0x80, 0xe3, 0x80, 0x03, 0x80, 0x03, 0x80, 0x07, 0x00, 0x0e, 0x00, 0x1c, 0x00, 0x38,
    0x00, 0x70, 0x00, 0xff, 0x80, 0xff, 0x80, 0x1f, 0x00, 0x7f, 0x80, 0xf3, 0xc0, 0x61, 0xc0, 0x03, 0x80, 0x0f, 0x00, 0x0f,
    0x80, 0x03, 0xc0, 0x01, 0xc0, 0xe1, 0xc0, 0xf3, 0xc0, 0x7f, 0x80, 0x3f, 0x00, 0x03, 0xc0, 0x07, 0xc0, 0x0f, 0xc0, 0x0f,
    0xc0, 0x1d, 0xc0, 0x39, 0xc0, 0x31, 0xc0, 0x71, 0xc0, 0xff, 0xf0, 0xff, 0xf0, 0x01, 0xc0, 0x01, 0xc0, 0x01, 0xc0, 0x7f,
    0x80, 0x7f, 0x80, 0x60, 0x00, 0xe0, 0x00, 0xef, 0x00, 0xff, 0x80, 0xf3, 0x80, 0x01, 0xc0, 0x01, 0xc0, 0xe1, 0xc0, 0xf3,
    0x80, 0x7f, 0x80, 0x3e, 0x00, 0x1f, 0x00, 0x3f, 0x80, 0x73, 0xc0, 0x60, 0x00, 0xef, 0x00, 0xff, 0x80, 0xf3, 0xc0, 0xe1,
    0xc0, 0xe1, 0xc0, 0xe1, 0xc0, 0x73, 0xc0, 0x7f, 0x80, 0x1e, 0x00, 0xff, 0x80, 0xff, 0x80, 0x03, 0x80, 0x03, 0x00, 0x07,
    0x00, 0x06, 0x00, 0x0e, 0x00, 0x0c, 0x00, 0x1c, 0x00, 0x18, 0x00, 0x38, 0x00, 0x30, 0x00, 0x70, 0x00, 0x3f, 0x00, 0x7f,
    0x80, 0xf3, 0xc0, 0xe1, 0xc0, 0x73, 0x80, 0x3f, 0x00, 0x3f, 0x00, 0x73, 0x80, 0xe1, 0xc0, 0xe1, 0xc0, 0xf3, 0xc0, 0x7f,
    0x80, 0x3f, 0x00, 0x3e, 0x00, 0x7f, 0x00, 0xf3, 0x80, 0xe1, 0xc0, 0xe1, 0xc0, 0xf3, 0xc0, 0x7f, 0xc0, 0x3d, 0xc0, 0x01,
    0xc0, 0xe1, 0x80, 0x73, 0x80, 0x7f, 0x00, 0x1e, 0x00, 0xc0, 0xe0, 0xc0, 0x00, 0x00, 0x00, 0x00, 0xc0, 0xe0, 0xc0, 0xc0,
    0xe0, 0xc0, 0x00, 0x00, 0x00, 0x00, 0x00, 0x00, 0xc0, 0xc0, 0xc0, 0xc0, 0x80, 0x01, 0x80, 0x07, 0x80, 0x3f, 0x00, 0xfc,
    0x00, 0xe0, 0x00, 0xf8, 0x00, 0x7e, 0x00, 0x0f, 0x80, 0x03, 0x80, 0x00, 0x80, 0xff, 0x80, 0xff, 0x80, 0x00, 0x00, 0x00,
    0x00, 0xff, 0x80, 0xff, 0x80, 0xc0, 0x00, 0xf0, 0x00, 0x7e, 0x00, 0x1f, 0x80, 0x03, 0x80, 0x0f, 0x80, 0x3f, 0x00, 0xf8,
    0x00, 0xe0, 0x00, 0x80, 0x00, 0x3c, 0xfe, 0xe7, 0xc7, 0x07, 0x0e, 0x1c, 0x38, 0x38, 0x00, 0x38, 0x38, 0x38, 0x07, 0xf0,
    0x00, 0x1f, 0xfc, 0x00, 0x3e, 0x1e, 0x00, 0x78, 0x07, 0x00, 0x73, 0xb7, 0x00, 0xe7, 0xf3, 0x80, 0xee, 0x73, 0x80, 0xec,
    0x33, 0x80, 0xec, 0x33, 0x80, 0xec, 0x33, 0x80, 0xee, 0x77, 0x80, 0xe7, 0xff, 0x00, 0x73, 0x9e, 0x00, 0x78, 0x00, 0x00,
    0x3e, 0x10, 0x00, 0x1f, 0xf0, 0x00, 0x07, 0xf0, 0x00, 0x0f, 0x00, 0x0f, 0x80, 0x0f, 0x80, 0x1d, 0xc0, 0x1d, 0xc0, 0x1d,
    0xc0, 0x38, 0xe0, 0x38, 0xe0, 0x3f, 0xe0, 0x7f, 0xf0, 0x70, 0x70, 0x70, 0x70, 0xe0, 0x38, 0xff, 0x00, 0xff, 0x80, 0xe3,
    0xc0, 0xe1, 0xc0, 0xe3, 0x80, 0xff, 0x00, 0xff, 0x80, 0xe3, 0xc0, 0xe1, 0xc0, 0xe1, 0xc0, 0xe3, 0xc0, 0xff, 0x80, 0xff,
    0x00, 0x0f, 0x80, 0x3f, 0xc0, 0x79, 0xe0, 0x70, 0x70, 0xe0, 0x00, 0xe0, 0x00, 0xe0, 0x00, 0xe0, 0x00, 0xe0, 0x00, 0x70,
    0x70, 0x79, 0xe0, 0x3f, 0xc0, 0x0f, 0x80, 0xfe, 0x00, 0xff, 0x80, 0xe3, 0xc0, 0xe1, 0xc0, 0xe0, 0xe0, 0xe0, 0xe0, 0xe0,
    0xe0, 0xe0, 0xe0, 0xe0, 0xe0, 0xe1, 0xc0, 0xe3, 0xc0, 0xff, 0x80, 0xfe, 0x00, 0xff, 0x80, 0xff, 0x80, 0xe0, 0x00, 0xe0,
    0x00, 0xe0, 0x00, 0xff, 0x80, 0xff, 0x80, 0xe0, 0x00, 0xe0, 0x00, 0xe0, 0x00, 0xe0, 0x00, 0xff, 0x80, 0xff, 0x80, 0xff,
    0x80, 0xff, 0x80, 0xe0, 0x00, 0xe0, 0x00, 0xe0, 0x00, 0xe0, 0x00, 0xff, 0x00, 0xff, 0x00, 0xe0, 0x00, 0xe0, 0x00, 0xe0,
    0x00, 0xe0, 0x00, 0xe0, 0x00, 0x0f, 0x80, 0x3f, 0xc0, 0x78, 0xe0, 0x70, 0x70, 0xe0, 0x00, 0xe0, 0x00, 0xe3, 0xf0, 0xe3,
    0xf0, 0xe0, 0x70, 0x70, 0x70, 0x78, 0xe0, 0x3f, 0xc0, 0x0f, 0x80, 0xe0, 0xe0, 0xe0, 0xe0, 0xe0, 0xe0, 0xe0, 0xe0, 0xe0,
    0xe0, 0xff, 0xe0, 0xff, 0xe0, 0xe0, 0xe0, 0xe0, 0xe0, 0xe0, 0xe0, 0xe0, 0xe0, 0xe0, 0xe0, 0xe0, 0xe0, 0xe0, 0xe0, 0xe0,
    0xe0, 0xe0, 0xe0, 0xe0, 0xe0, 0xe0, 0xe0, 0xe0, 0xe0, 0xe0, 0x03, 0x80, 0x03, 0x80, 0x03, 0x80, 0x03, 0x80, 0x03, 0x80,
    0x03, 0x80, 0x03, 0x80, 0x03, 0x80, 0xe3, 0x80, 0xe3, 0x80, 0xf7, 0x80, 0x7f, 0x00, 0x3e, 0x00, 0xe1, 0xe0, 0xe1, 0xc0,
    0xe3, 0x80, 0xe7, 0x00, 0xee, 0x00, 0xfe, 0x00, 0xfe, 0x00, 0xff, 0x00, 0xf7, 0x00, 0xe3, 0x80, 0xe3, 0xc0, 0xe1, 0xc0,
    0xe0, 0xe0, 0xe0, 0x00, 0xe0, 0x00, 0xe0, 0x00, 0xe0, 0x00, 0xe0, 0x00, 0xe0, 0x00, 0xe0, 0x00, 0xe0, 0x00, 0xe0, 0x00,
    0xe0, 0x00, 0xe0, 0x00, 0xff, 0x80, 0xff, 0x80, 0xf8, 0x3e, 0xf8, 0x3e, 0xf8, 0x3e, 0xfc, 0x7e, 0xfc, 0x6e, 0xec, 0xee,
    0xee, 0xee, 0xee, 0xce, 0xe7, 0xce, 0xe7, 0xce, 0xe7, 0x8e, 0xe3, 0x8e, 0xe3, 0x8e, 0xe0, 0x70, 0xf0, 0x70, 0xf8, 0x70,
    0xf8, 0x70, 0xfc, 0x70, 0xee, 0x70, 0xee, 0x70, 0xe7, 0x70, 0xe3, 0xf0, 0xe3, 0xf0, 0xe1, 0xf0, 0xe0, 0xf0, 0xe0, 0xf0,
    0x0f, 0x00, 0x3f, 0xc0, 0x79, 0xe0, 0x70, 0xe0, 0xe0, 0x70, 0xe0, 0x70, 0xe0, 0x70, 0xe0, 0x70, 0xe0, 0x70, 0x70, 0xe0,
    0x79, 0xe0, 0x3f, 0xc0, 0x0f, 0x00, 0xff, 0x00, 0xff, 0x80, 0xe3, 0x80, 0xe1, 0xc0, 0xe1, 0xc0, 0xe3, 0xc0, 0xff, 0x80,
    0xff, 0x00, 0xe0, 0x00, 0xe0, 0x00, 0xe0, 0x00, 0xe0, 0x00, 0xe0, 0x00, 0x0f, 0x00, 0x3f, 0xc0, 0x79, 0xe0, 0x70, 0xe0,
    0xe0, 0x70, 0xe0, 0x70, 0xe0, 0x70, 0xe0, 0x70, 0xe2, 0x70, 0x73, 0xe0, 0x7f, 0xe0, 0x3f, 0xc0, 0x0f, 0xe0, 0x00, 0x60,
    0xff, 0x00, 0xff, 0x80, 0xe3, 0x80, 0xe1, 0xc0, 0xe1, 0xc0, 0xe3, 0xc0, 0xff, 0x80, 0xff, 0x00, 0xe7, 0x00, 0xe7, 0x00,
    0xe3, 0x80, 0xe3, 0x80, 0xe1, 0xc0, 0x1f, 0x00, 0x7f, 0x80, 0x73, 0xc0, 0xe1, 0xc0, 0xf0, 0x00, 0x7c, 0x00, 0x3f, 0x80,
    0x0f, 0xc0, 0x01, 0xc0, 0xe1, 0xc0, 0xf3, 0xc0, 0x7f, 0x80, 0x3f, 0x00, 0xff, 0xe0, 0xff, 0xe0, 0x0e, 0x00, 0x0e, 0x00,
    0x0e, 0x00, 0x0e, 0x00, 0x0e, 0x00, 0x0e, 0x00, 0x0e, 0x00, 0x0e, 0x00, 0x0e, 0x00, 0x0e, 0x00, 0x0e, 0x00, 0xe0, 0xe0,
    0xe0, 0xe0, 0xe0, 0xe0, 0xe0, 0xe0, 0xe0, 0xe0, 0xe0, 0xe0, 0xe0, 0xe0, 0xe0, 0xe0, 0xe0, 0xe0, 0xe0, 0xe0, 0x71, 0xc0,
    0x7f, 0x80, 0x1f, 0x00, 0xe0, 0x70, 0xe0, 0xf0, 0xe0, 0xe0, 0x70, 0xe0, 0x71, 0xc0, 0x71, 0xc0, 0x39, 0xc0, 0x39, 0x80,
    0x3b, 0x80, 0x1b, 0x80, 0x1f, 0x00, 0x1f, 0x00, 0x0f, 0x00, 0xe0, 0xe1, 0xc0, 0x71, 0xe1, 0xc0, 0x71, 0xe1, 0xc0, 0x71,
    0xf3, 0x80, 0x31, 0xf3, 0x80, 0x3b, 0xb3, 0x80, 0x3b, 0xb3, 0x00, 0x3b, 0x3f, 0x00, 0x1b, 0x3f, 0x00, 0x1f, 0x1f, 0x00,
    0x1f, 0x1e, 0x00, 0x1e, 0x1e, 0x00, 0x0e, 0x1e, 0x00, 0xf0, 0xf0, 0x70, 0xe0, 0x39, 0xc0, 0x3f, 0xc0, 0x1f, 0x80, 0x0f,
    0x00, 0x0f, 0x00, 0x1f, 0x80, 0x1f, 0x80, 0x39, 0xc0, 0x79, 0xe0, 0x70, 0xe0, 0xe0, 0x70, 0xf0, 0x70, 0x70, 0xf0, 0x38,
    0xe0, 0x39, 0xe0, 0x1d, 0xc0, 0x1f, 0x80, 0x0f, 0x80, 0x07, 0x00, 0x07, 0x00, 0x07, 0x00, 0x07, 0x00, 0x07, 0x00, 0x07,
    0x00, 0xff, 0xc0, 0xff, 0xc0, 0x03, 0x80, 0x03, 0x80, 0x07, 0x00, 0x0e, 0x00, 0x1e, 0x00, 0x1c, 0x00, 0x38, 0x00, 0x70,
    0x00, 0x70, 0x00, 0xff, 0xc0, 0xff, 0xc0, 0xf8, 0xf8, 0xe0, 0xe0, 0xe0, 0xe0, 0xe0, 0xe0, 0xe0, 0xe0, 0xe0, 0xe0, 0xe0,
    0xe0, 0xe0, 0xf8, 0xf8, 0xe0, 0x60, 0x60, 0x60, 0x70, 0x30, 0x30, 0x38, 0x38, 0x18, 0x18, 0x1c, 0x1c, 0x0c, 0x0c, 0x0e,
    0xf8, 0xf8, 0x38, 0x38, 0x38, 0x38, 0x38, 0x38, 0x38, 0x38, 0x38, 0x38, 0x38, 0x38, 0x38, 0xf8, 0xf8, 0x38, 0x78, 0x6c,
    0x6c, 0xce, 0xc6, 0xff, 0x80, 0xff, 0x80, 0xc0, 0xc0, 0x60, 0x3e, 0x00, 0x7f, 0x00, 0xe7, 0x80, 0x03, 0x80, 0x3f, 0x80,
    0x7b, 0x80, 0xe3, 0x80, 0xe7, 0x80, 0xff, 0x80, 0x7b, 0x80, 0xe0, 0x00, 0xe0, 0x00, 0xe0, 0x00, 0xef, 0x00, 0xff, 0x80,
    0xf3, 0x80, 0xe1, 0xc0, 0xe1, 0xc0, 0xe1, 0xc0, 0xe1, 0xc0, 0xf3, 0x80, 0xff, 0x80, 0xef, 0x00, 0x1e, 0x00, 0x7f, 0x00,
    0x73, 0x80, 0xe1, 0x80, 0xe0, 0x00, 0xe0, 0x00, 0xe1, 0x80, 0x73, 0x80, 0x7f, 0x00, 0x1e, 0x00, 0x01, 0xc0, 0x01, 0xc0,
    0x01, 0xc0, 0x3d, 0xc0, 0x7f, 0xc0, 0xf3, 0xc0, 0xe1, 0xc0, 0xe1, 0xc0, 0xe1, 0xc0, 0xe1, 0xc0, 0xf3, 0xc0, 0x7f, 0xc0,
    0x3d, 0xc0, 0x1e, 0x00, 0x7f, 0x00, 0x73, 0x80, 0xe1, 0xc0, 0xff, 0xc0, 0xff, 0xc0, 0xe0, 0x00, 0x73, 0x80, 0x7f, 0x80,
    0x1f, 0x00, 0x1e, 0x3c, 0x38, 0xfe, 0xfe, 0x38, 0x38, 0x38, 0x38, 0x38, 0x38, 0x38, 0x38, 0x3d, 0xc0, 0x7f, 0xc0, 0xf3,
    0xc0, 0xe1, 0xc0, 0xe1, 0xc0, 0xe1, 0xc0, 0xe1, 0xc0, 0xf3, 0xc0, 0x7f, 0xc0, 0x3d, 0xc0, 0x01, 0xc0, 0x73, 0x80, 0x7f,
    0x80, 0x3e, 0x00, 0xe0, 0x00, 0xe0, 0x00, 0xe0, 0x00, 0xee, 0x00, 0xff, 0x00, 0xf7, 0x80, 0xe3, 0x80, 0xe3, 0x80, 0xe3,
    0x80, 0xe3, 0x80, 0xe3, 0x80, 0xe3, 0x80, 0xe3, 0x80, 0x40, 0xe0, 0xc0, 0x00, 0xe0, 0xe0, 0xe0, 0xe0, 0xe0, 0xe0, 0xe0,
    0xe0, 0xe0, 0xe0, 0x10, 0x38, 0x30, 0x00, 0x38, 0x38, 0x38, 0x38, 0x38, 0x38, 0x38, 0x38, 0x38, 0x38, 0x38, 0x38, 0xf0,
    0xe0, 0xe0, 0x00, 0xe0, 0x00, 0xe0, 0x00, 0xe3, 0x80, 0xe7, 0x00, 0xee, 0x00, 0xfc, 0x00, 0xfc, 0x00, 0xfc, 0x00, 0xee,
    0x00, 0xef, 0x00, 0xe7, 0x00, 0xe3, 0x80, 0xe0, 0xe0, 0xe0, 0xe0, 0xe0, 0xe0, 0xe0, 0xe0, 0xe0, 0xe0, 0xe0, 0xe0, 0xe0,
    0xee, 0x38, 0xff, 0xfc, 0xf7, 0xde, 0xe3, 0x8e, 0xe3, 0x8e, 0xe3, 0x8e, 0xe3, 0x8e, 0xe3, 0x8e, 0xe3, 0x8e, 0xe3, 0x8e,
    0xee, 0x00, 0xff, 0x00, 0xf7, 0x80, 0xe3, 0x80, 0xe3, 0x80, 0xe3, 0x80, 0xe3, 0x80, 0xe3, 0x80, 0xe3, 0x80, 0xe3, 0x80,
    0x1e, 0x00, 0x7f, 0x80, 0x73, 0x80, 0xe1, 0xc0, 0xe1, 0xc0, 0xe1, 0xc0, 0xe1, 0xc0, 0x73, 0x80, 0x7f, 0x80, 0x1e, 0x00,
    0xef, 0x00, 0xff, 0x80, 0xf3, 0x80, 0xe1, 0xc0, 0xe1, 0xc0, 0xe1, 0xc0, 0xe1, 0xc0, 0xf3, 0x80, 0xff, 0x80, 0xef, 0x00,
    0xe0, 0x00, 0xe0, 0x00, 0xe0, 0x00, 0xe0, 0x00, 0x3d, 0xc0, 0x7f, 0xc0, 0xf3, 0xc0, 0xe1, 0xc0, 0xe1, 0xc0, 0xe1, 0xc0,
    0xe1, 0xc0, 0xf3, 0xc0, 0x7f, 0xc0, 0x3d, 0xc0, 0x01, 0xc0, 0x01, 0xc0, 0x01, 0xc0, 0x01, 0xc0, 0xec, 0xfc, 0xf0, 0xe0,
    0xe0, 0xe0, 0xe0, 0xe0, 0xe0, 0xe0, 0x3e, 0x00, 0xff, 0x00, 0xe7, 0x00, 0xe0, 0x00, 0x7c, 0x00, 0x3f, 0x00, 0x03, 0x80,
    0xe7, 0x80, 0xff, 0x00, 0x3e, 0x00, 0x30, 0x38, 0x38, 0xfe, 0xfe, 0x38, 0x38, 0x38, 0x38, 0x38, 0x38, 0x3e, 0x1e, 0xe3,
    0x80, 0xe3, 0x80, 0xe3, 0x80, 0xe3, 0x80, 0xe3, 0x80, 0xe3, 0x80, 0xe3, 0x80, 0xf7, 0x80, 0x7f, 0x80, 0x3b, 0x80, 0xe1,
    0xc0, 0x71, 0xc0, 0x71, 0xc0, 0x71, 0x80, 0x3b, 0x80, 0x3b, 0x00, 0x1b, 0x00, 0x1f, 0x00, 0x1e, 0x00, 0x0e, 0x00, 0xe3,
    0x8e, 0x63, 0x8e, 0x73, 0x8c, 0x73, 0xdc, 0x76, 0xdc, 0x36, 0xd8, 0x3e, 0xf8, 0x3e, 0x78, 0x1c, 0x78, 0x1c, 0x70, 0xe7,
    0xe7, 0x7e, 0x3c, 0x3c, 0x3c, 0x7e, 0x66, 0xe7, 0xc3, 0xe1, 0xc0, 0x71, 0xc0, 0x71, 0xc0, 0x73, 0x80, 0x3b, 0x80, 0x3b,
    0x00, 0x1b, 0x00, 0x1f, 0x00, 0x1e, 0x00, 0x0e, 0x00, 0x0e, 0x00, 0x1c, 0x00, 0x7c, 0x00, 0x78, 0x00, 0xff, 0xff, 0x0e,
    0x0e, 0x1c, 0x38, 0x78, 0x70, 0xff, 0xff, 0x1e, 0x3c, 0x38, 0x38, 0x38, 0x38, 0x70, 0xe0, 0xf0, 0x78, 0x38, 0x38, 0x38,
    0x38, 0x3e, 0x1e, 0xe0, 0xe0, 0xe0, 0xe0, 0xe0, 0xe0, 0xe0, 0xe0, 0xe0, 0xe0, 0xe0, 0xe0, 0xe0, 0xe0, 0xe0, 0xe0, 0xe0,
    0xe0, 0xe0, 0xe0, 0xe0, 0xe0, 0xf0, 0xf0, 0x38, 0x38, 0x38, 0x38, 0x3c, 0x0e, 0x1e, 0x38, 0x38, 0x38, 0x38, 0x78, 0xf0,
    0xe0, 0x71, 0x80, 0xf9, 0x80, 0xef, 0x80, 0xc7, 0x00, 0xc0, 0xe0, 0xc0, 0x78, 0xfc, 0xfc, 0xfc, 0xfc, 0x78, 0x03, 0x00,
    0x03, 0x80, 0x01, 0xc0, 0x00, 0xe0, 0x00, 0x70, 0xff, 0xf8, 0xff, 0xf8, 0x00, 0x70, 0x00, 0xe0, 0x01, 0xc0, 0x03, 0x80,
    0x03, 0x00, 0x06, 0x00, 0x0e, 0x00, 0x1c, 0x00, 0x38, 0x00, 0x70, 0x00, 0xff, 0xf8, 0xff, 0xf8, 0x70, 0x00, 0x38, 0x00,
    0x1c, 0x00, 0x0e, 0x00, 0x06, 0x00, 0xc3, 0x0c, 0xe3, 0x8e, 0xc3, 0x0c, 0xff, 0x80, 0xff, 0x80, 0xff, 0xff, 0xc0, 0xff,
    0xff, 0xc0, 0x78, 0xfc, 0xcc, 0xcc, 0xfc, 0x78, 0x1c, 0x00, 0x1c, 0x00, 0xff, 0x80, 0xff, 0x80, 0x1c, 0x00, 0x1c, 0x00,
    0x1c, 0x00, 0x00, 0x00, 0xff, 0x80, 0xff, 0x80, 0x41, 0xe3, 0xf7, 0x7e, 0x3c, 0x3e, 0x7f, 0xe7, 0xc3,
};
static const beacon_glyph_t k_ui18b_glyphs[] = {
    {0, 4, 0, 0, 0, 0},  // U+0020
    {0, 6, 2, 13, 3, 13},  // U+0021
    {13, 10, 2, 13, 7, 5},  // U+0022
    {18, 12, 0, 13, 11, 13},  // U+0023
    {44, 12, 1, 16, 10, 18},  // U+0024
    {80, 18, 1, 13, 15, 13},  // U+0025
    {106, 12, 1, 13, 11, 13},  // U+0026
    {132, 6, 2, 13, 3, 5},  // U+0027
    {137, 7, 1, 14, 5, 17},  // U+0028
    {154, 7, 1, 14, 5, 17},  // U+0029
    {171, 10, 1, 13, 7, 7},  // U+002A
    {178, 12, 1, 10, 10, 9},  // U+002B
    {196, 6, 1, 1, 3, 5},  // U+002C
    {201, 8, 1, 6, 6, 2},  // U+002D
    {203, 6, 1, 3, 3, 3},  // U+002E
    {206, 7, 0, 14, 7, 16},  // U+002F
    {222, 12, 1, 13, 11, 13},  // U+0030
    {248, 8, 1, 13, 6, 13},  // U+0031
    {261, 11, 1, 13, 9, 13},  // U+0032
    {287, 12, 1, 13, 10, 13},  // U+0033
    {313, 12, 0, 13, 12, 13},  // U+0034
    {339, 11, 1, 13, 10, 13},  // U+0035
    {365, 12, 1, 13, 10, 13},  // U+0036
    {391, 10, 1, 13, 9, 13},  // U+0037
    {417, 12, 1, 13, 10, 13},  // U+0038
    {443, 12, 1, 13, 10, 13},  // U+0039
    {469, 6, 1, 10, 3, 10},  // U+003A
    {479, 6, 1, 10, 3, 14},  // U+003B
    {493, 12, 1, 10, 9, 10},  // U+003C
    {513, 12, 2, 8, 9, 6},  // U+003D
    {525, 12, 2, 10, 9, 10},  // U+003E
    {545, 10, 1, 13, 8, 13},  // U+003F
    {558, 18, 1, 13, 17, 17},  // U+0040
    {609, 13, 0, 13, 13, 13},  // U+0041
    {635, 12, 1, 13, 10, 13},  // U+0042
    {661, 13, 1, 13, 12, 13},  // U+0043
    {687, 13, 1, 13, 11, 13},  // U+0044
    {713, 11, 1, 13, 9, 13},  // U+0045
    {739, 11, 1, 13, 9, 13},  // U+0046
    {765, 13, 1, 13, 12, 13},  // U+0047
    {791, 13, 1, 13, 11, 13},  // U+0048
    {817, 5, 1, 13, 3, 13},  // U+0049
    {830, 10, 1, 13, 9, 13},  // U+004A
    {856, 13, 1, 13, 11, 13},  // U+004B
    {882, 10, 1, 13, 9, 13},  // U+004C
    {908, 17, 1, 13, 15, 13},  // U+004D
    {934, 14, 1, 13, 12, 13},  // U+004E
    {960, 14, 1, 13, 12, 13},  // U+004F
    {986, 12, 1, 13, 10, 13},  // U+0050
    {1012, 14, 1, 13, 12, 14},  // U+0051
    {1040, 12, 1, 13, 10, 13},  // U+0052
    {1066, 12, 1, 13, 10, 13},  // U+0053
    {1092, 12, 1, 13, 11, 13},  // U+0054
    {1118, 13, 1, 13, 11, 13},  // U+0055
    {1144, 13, 1, 13, 12, 13},  // U+0056
    {1170, 19, 0, 13, 18, 13},  // U+0057
    {1209, 13, 1, 13, 12, 13},  // U+0058
    {1235, 13, 0, 13, 12, 13},  // U+0059
    {1261, 12, 1, 13, 10, 13},  // U+005A
    {1287, 7, 1, 14, 5, 17},  // U+005B
    {1304, 7, 0, 14, 7, 16},  // U+005C
    {1320, 7, 0, 14, 5, 17},  // U+005D
    {1337, 9, 1, 13, 7, 6},  // U+005E
    {1343, 9, 0, 0, 9, 2},  // U+005F
    {1347, 6, 2, 14, 3, 3},  // U+0060
    {1350, 10, 1, 10, 9, 10},  // U+0061
    {1370, 11, 1, 13, 10, 13},  // U+0062
    {1396, 10, 1, 10, 9, 10},  // U+0063
    {1416, 11, 1, 13, 10, 13},  // U+0064
    {1442, 11, 1, 10, 10, 10},  // U+0065
    {1462, 7, 0, 13, 7, 13},  // U+0066
    {1475, 11, 1, 10, 10, 14},  // U+0067
    {1503, 11, 1, 13, 9, 13},  // U+0068
    {1529, 5, 1, 14, 3, 14},  // U+0069
    {1543, 5, -1, 14, 5, 18},  // U+006A
    {1561, 10, 1, 13, 9, 13},  // U+006B
    {1587, 5, 1, 13, 3, 13},  // U+006C
    {1600, 16, 1, 10, 15, 10},  // U+006D
    {1620, 11, 1, 10, 9, 10},  // U+006E
    {1640, 11, 1, 10, 10, 10},  // U+006F
    {1660, 11, 1, 10, 10, 14},  // U+0070
    {1688, 11, 1, 10, 10, 14},  // U+0071
    {1716, 7, 1, 10, 6, 10},  // U+0072
    {1726, 10, 1, 10, 9, 10},  // U+0073
    {1746, 7, 0, 13, 7, 13},  // U+0074
    {1759, 11, 1, 10, 9, 10},  // U+0075
    {1779, 11, 0, 10, 10, 10},  // U+0076
    {1799, 15, 0, 10, 15, 10},  // U+0077
    {1819, 10, 1, 10, 8, 10},  // U+0078
    {1829, 11, 0, 10, 10, 14},  // U+0079
    {1857, 10, 1, 10, 8, 10},  // U+007A
    {1867, 8, 1, 13, 7, 16},  // U+007B
    {1883, 7, 2, 18, 3, 22},  // U+007C
    {1905, 8, 1, 13, 7, 16},  // U+007D
    {1921, 12, 1, 7, 9, 4},  // U+007E
    {1929, 6, 1, 8, 3, 3},  // U+00B7
    {1932, 8, 1, 8, 6, 6},  // U+2022
    {1938, 17, 2, 12, 13, 12},  // U+2192
    {1962, 17, 2, 12, 13, 12},  // U+2190
    {1986, 17, 1, 3, 15, 3},  // U+2026
    {1992, 9, 0, 6, 9, 2},  // U+2013
    {1996, 18, 0, 6, 18, 2},  // U+2014
    {2002, 8, 1, 13, 6, 6},  // U+00B0
    {2008, 12, 2, 10, 9, 10},  // U+00B1
    {2028, 12, 2, 10, 8, 9},  // U+00D7
};
static const uint16_t k_ui18b_cps[] = {
    32, 33, 34, 35, 36, 37, 38, 39, 40, 41, 42, 43,
    44, 45, 46, 47, 48, 49, 50, 51, 52, 53, 54, 55,
    56, 57, 58, 59, 60, 61, 62, 63, 64, 65, 66, 67,
    68, 69, 70, 71, 72, 73, 74, 75, 76, 77, 78, 79,
    80, 81, 82, 83, 84, 85, 86, 87, 88, 89, 90, 91,
    92, 93, 94, 95, 96, 97, 98, 99, 100, 101, 102, 103,
    104, 105, 106, 107, 108, 109, 110, 111, 112, 113, 114, 115,
    116, 117, 118, 119, 120, 121, 122, 123, 124, 125, 126, 183,
    8226, 8594, 8592, 8230, 8211, 8212, 176, 177, 215,
};
const beacon_font_t beacon_font_ui18b = {
    .name = "ui18b",
    .ascent = 18,
    .descent = 5,
    .line_height = 23,
    .count = 105,
    .codepoints = k_ui18b_cps,
    .glyphs = k_ui18b_glyphs,
    .bits = k_ui18b_bits,
};

static const uint8_t k_ui26b_bits[] = {
    0xf0, 0xf0, 0xf0, 0xf0, 0xf0, 0xf0, 0xf0, 0xf0, 0xf0, 0xf0, 0xf0, 0xf0, 0xf0, 0x00, 0x60, 0xf0, 0xf0, 0xf0, 0x60, 0xf3,
    0xc0, 0xf3, 0xc0, 0xf3, 0xc0, 0xf3, 0xc0, 0xf3, 0xc0, 0xf3, 0xc0, 0xf3, 0xc0, 0xf3, 0xc0, 0x07, 0x1e, 0x07, 0x1e, 0x0f,
    0x1c, 0x0f, 0x1c, 0x0f, 0x3e, 0x7f, 0xff, 0x7f, 0xff, 0x7f, 0xff, 0x0e, 0x38, 0x1e, 0x38, 0x1c, 0x38, 0xff, 0xfe, 0xff,
    0xfe, 0xff, 0xfe, 0x3c, 0x78, 0x3c, 0x70, 0x38, 0x70, 0x38, 0x70, 0x38, 0x70, 0x01, 0x80, 0x01, 0x80, 0x01, 0x80, 0x07,
    0xe0, 0x1f, 0xf8, 0x3f, 0xfc, 0x7f, 0xfc, 0x79, 0xbe, 0x79, 0x9e, 0x7d, 0x80, 0x7f, 0x80, 0x7f, 0xf0, 0x3f, 0xfc, 0x0f,
    0xfe, 0x01, 0xfe, 0x01, 0xbe, 0xf9, 0x9e, 0xf9, 0x9e, 0x7f, 0xfe, 0x7f, 0xfc, 0x3f, 0xf8, 0x0f, 0xe0, 0x01, 0x80, 0x01,
    0x80, 0x01, 0x80, 0x3e, 0x00, 0xc0, 0x7f, 0x01, 0xc0, 0xff, 0x83, 0x80, 0xe3, 0x83, 0x00, 0xe3, 0x87, 0x00, 0xe3, 0x8e,
    0x00, 0xff, 0x8c, 0x00, 0x7f, 0x1c, 0x00, 0x3e, 0x38, 0x00, 0x00, 0x71, 0xf0, 0x00, 0x73, 0xf8, 0x00, 0xe7, 0xfc, 0x01,
    0xc7, 0x1c, 0x01, 0xc7, 0x1c, 0x03, 0x87, 0x1c, 0x07, 0x07, 0x1c, 0x07, 0x07, 0xfc, 0x0e, 0x03, 0xf8, 0x1c, 0x01, 0xf0,
    0x07, 0x80, 0x00, 0x1f, 0xe0, 0x00, 0x1f, 0xf0, 0x00, 0x3f, 0xf0, 0x00, 0x3c, 0x70, 0x00, 0x3c, 0x70, 0x00, 0x3e, 0xf0,
    0x00, 0x1f, 0xe0, 0x00, 0x1f, 0xc0, 0x00, 0x1f, 0x8f, 0x00, 0x3f, 0xcf, 0x00, 0x7f, 0xef, 0x00, 0xfb, 0xff, 0x00, 0xf1,
    0xfe, 0x00, 0xf8, 0xfe, 0x00, 0xff, 0xfc, 0x00, 0x7f, 0xfe, 0x00, 0x3f, 0xff, 0x00, 0x0f, 0x8f, 0x80, 0xf0, 0xf0, 0xf0,
    0xf0, 0xf0, 0xf0, 0xf0, 0xf0, 0x1e, 0x3e, 0x3c, 0x7c, 0x7c, 0x78, 0x78, 0xf8, 0xf8, 0xf8, 0xf8, 0xf0, 0xf0, 0xf0, 0xf8,
    0xf8, 0xf8, 0x78, 0x78, 0x7c, 0x7c, 0x3c, 0x3e, 0x1e, 0xf8, 0x78, 0x7c, 0x3c, 0x3c, 0x3e, 0x3e, 0x3e, 0x1e, 0x1e, 0x1e,
    0x1e, 0x1e, 0x1e, 0x1e, 0x1e, 0x1e, 0x3e, 0x3e, 0x3c, 0x3c, 0x7c, 0x78, 0xf8, 0x1c, 0x00, 0x0c, 0x00, 0xcd, 0x80, 0xff,
    0xc0, 0x7f, 0x80, 0x3f, 0x00, 0x7f, 0x80, 0xff, 0xc0, 0xcd, 0x80, 0x0c, 0x00, 0x1c, 0x00, 0x07, 0x80, 0x07, 0x80, 0x07,
    0x80, 0x07, 0x80, 0x07, 0x80, 0xff, 0xfc, 0xff, 0xfc, 0xff, 0xfc, 0x07, 0x80, 0x07, 0x80, 0x07, 0x80, 0x07, 0x80, 0x07,
    0x80, 0x07, 0x80, 0x78, 0xf0, 0xf0, 0xf0, 0xf0, 0xe0, 0xe0, 0xe0, 0xff, 0x80, 0xff, 0x80, 0xff, 0x80, 0x60, 0xf0, 0xf0,
    0xf0, 0x60, 0x03, 0xc0, 0x03, 0xc0, 0x07, 0x80, 0x07, 0x80, 0x07, 0x80, 0x07, 0x00, 0x0f, 0x00, 0x0f, 0x00, 0x0f, 0x00,
    0x0e, 0x00, 0x1e, 0x00, 0x1e, 0x00, 0x1e, 0x00, 0x1c, 0x00, 0x3c, 0x00, 0x3c, 0x00, 0x3c, 0x00, 0x38, 0x00, 0x78, 0x00,
    0x78, 0x00, 0x70, 0x00, 0xf0, 0x00, 0xf0, 0x00, 0x07, 0xe0, 0x1f, 0xf8, 0x3f, 0xfc, 0x3f, 0xfc, 0x7c, 0x3e, 0x78, 0x1e,
    0xf8, 0x1f, 0xf8, 0x1f, 0xf8, 0x1f, 0xf0, 0x0f, 0xf8, 0x1f, 0xf8, 0x1f, 0xf8, 0x1f, 0x78, 0x1e, 0x7c, 0x3e, 0x3f, 0xfc,
    0x3f, 0xfc, 0x1f, 0xf8, 0x07, 0xe0, 0x0f, 0x80, 0x1f, 0x80, 0x7f, 0x80, 0xff, 0x80, 0xf7, 0x80, 0xe7, 0x80, 0x07, 0x80,
    0x07, 0x80, 0x07, 0x80, 0x07, 0x80, 0x07, 0x80, 0x07, 0x80, 0x07, 0x80, 0x07, 0x80, 0x07, 0x80, 0x07, 0x80, 0x07, 0x80,
    0x07, 0x80, 0x07, 0x80, 0x0f, 0xc0, 0x3f, 0xf0, 0x7f, 0xf8, 0x7f, 0xf8, 0xf8, 0x7c, 0xf8, 0x7c, 0xf0, 0x3c, 0x00, 0x7c,
    0x00, 0xf8, 0x01, 0xf8, 0x03, 0xf0, 0x07, 0xe0, 0x0f, 0xc0, 0x1f, 0x80, 0x3f, 0x00, 0xfe, 0x00, 0xff, 0xfc, 0xff, 0xfc,
    0xff, 0xfc, 0x07, 0xe0, 0x1f, 0xf8, 0x3f, 0xfc, 0x7f, 0xfc, 0x78, 0x3c, 0x00, 0x3c, 0x00, 0x7c, 0x03, 0xf8, 0x03, 0xf0,
    0x03, 0xf8, 0x01, 0xfc, 0x00, 0x3e, 0xf0, 0x3e, 0xf8, 0x3e, 0xf8, 0x3e, 0x7f, 0xfc, 0x7f, 0xfc, 0x1f, 0xf8, 0x0f, 0xe0,
    0x00, 0xfc, 0x00, 0x00, 0xfc, 0x00, 0x01, 0xfc, 0x00, 0x03, 0xfc, 0x00, 0x07, 0xfc, 0x00, 0x07, 0xbc, 0x00, 0x0f, 0x3c,
    0x00, 0x1f, 0x3c, 0x00, 0x1e, 0x3c, 0x00, 0x3c, 0x3c, 0x00, 0x7c, 0x3c, 0x00, 0x7c, 0x3e, 0x00, 0xff, 0xff, 0x80, 0xff,
    0xff, 0x80, 0xff, 0xff, 0x80, 0x00, 0x3c, 0x00, 0x00, 0x3c, 0x00, 0x00, 0x3c, 0x00, 0x00, 0x3c, 0x00, 0xff, 0xf8, 0xff,
    0xf8, 0xff, 0xf8, 0xf8, 0x00, 0xf8, 0x00, 0xf8, 0x00, 0xff, 0xf0, 0xff, 0xf8, 0xff, 0xf8, 0xfc, 0x7c, 0xf0, 0x3c, 0x00,
    0x3c, 0x00, 0x3c, 0xf8, 0x3c, 0xf8, 0x7c, 0x7f, 0xfc, 0x7f, 0xf8, 0x3f, 0xf0, 0x0f, 0xc0, 0x07, 0xe0, 0x1f, 0xf8, 0x3f,
    0xfc, 0x3f, 0xfc, 0x7c, 0x3e, 0x78, 0x00, 0xf9, 0xe0, 0xff, 0xf8, 0xff, 0xfc, 0xff, 0xfc, 0xfc, 0x3e, 0xf8, 0x3e, 0xf8,
    0x1e, 0xf8, 0x3e, 0x7c, 0x3e, 0x7f, 0xfc, 0x3f, 0xfc, 0x1f, 0xf0, 0x07, 0xe0, 0xff, 0xfc, 0xff, 0xfc, 0xff, 0xfc, 0x00,
    0x7c, 0x00, 0x78, 0x00, 0xf8, 0x00, 0xf0, 0x01, 0xf0, 0x01, 0xe0, 0x03, 0xe0, 0x03, 0xc0, 0x07, 0xc0, 0x07, 0x80, 0x0f,
    0x80, 0x0f, 0x00, 0x1f, 0x00, 0x1e, 0x00, 0x3e, 0x00, 0x3c, 0x00, 0x0f, 0xe0, 0x3f, 0xf8, 0x7f, 0xfc, 0x7f, 0xfc, 0x78,
    0x3c, 0x78, 0x3c, 0x7c, 0x7c, 0x3f, 0xf8, 0x0f, 0xe0, 0x3f, 0xf8, 0x7f, 0xfc, 0xf8, 0x3e, 0xf8, 0x3e, 0xf8, 0x3e, 0xf8,
    0x3e, 0xff, 0xfc, 0x7f, 0xfc, 0x3f, 0xf8, 0x0f, 0xe0, 0x0f, 0xc0, 0x3f, 0xf0, 0x7f, 0xf8, 0x7f, 0xfc, 0xf8, 0x7c, 0xf8,
    0x3e, 0xf0, 0x3e, 0xf8, 0x3e, 0xfc, 0x7e, 0x7f, 0xfe, 0x3f, 0xfe, 0x1f, 0xbe, 0x00, 0x3e, 0x70, 0x3c, 0xf8, 0x7c, 0x7f,
    0xf8, 0x7f, 0xf8, 0x3f, 0xf0, 0x0f, 0xc0, 0x60, 0xf0, 0xf0, 0xf0, 0x60, 0x00, 0x00, 0x00, 0x00, 0x60, 0xf0, 0xf0, 0xf0,
    0x60, 0x60, 0xf0, 0xf0, 0xf0, 0x60, 0x00, 0x00, 0x00, 0x00, 0x00, 0xf0, 0xf0, 0xf0, 0xe0, 0xe0, 0xe0, 0xe0, 0xc0, 0x00,
    0x0c, 0x00, 0x7c, 0x01, 0xfc, 0x07, 0xf8, 0x3f, 0xf0, 0xff, 0x80, 0xfe, 0x00, 0xf8, 0x00, 0xff, 0x00, 0x7f, 0xc0, 0x1f,
    0xf8, 0x07, 0xfc, 0x00, 0xfc, 0x00, 0x3c, 0xff, 0xf8, 0xff, 0xf8, 0xff, 0xf8, 0x00, 0x00, 0x00, 0x00, 0x00, 0x00, 0x00,
    0x00, 0xff, 0xf8, 0xff, 0xf8, 0xff, 0xf8, 0xc0, 0x00, 0xf0, 0x00, 0xfe, 0x00, 0xff, 0x80, 0x3f, 0xe0, 0x0f, 0xf8, 0x01,
    0xfc, 0x00, 0xfc, 0x03, 0xfc, 0x1f, 0xf8, 0x7f, 0xc0, 0xff, 0x00, 0xfc, 0x00, 0xe0, 0x00, 0x80, 0x00, 0x0f, 0xc0, 0x3f,
    0xf0, 0x7f, 0xf8, 0x7f, 0xf8, 0xf8, 0x78, 0xf0, 0x78, 0x00, 0x78, 0x00, 0xf8, 0x03, 0xf0, 0x07, 0xe0, 0x07, 0x80, 0x0f,
    0x80, 0x07, 0x00, 0x00, 0x00, 0x06, 0x00, 0x0f, 0x00, 0x0f, 0x00, 0x0f, 0x00, 0x06, 0x00, 0x00, 0x7f, 0x80, 0x00, 0x03,
    0xff, 0xe0, 0x00, 0x0f, 0xff, 0xf8, 0x00, 0x1f, 0xff, 0xfc, 0x00, 0x3f, 0x00, 0x7e, 0x00, 0x3e, 0x3d, 0xde, 0x00, 0x7c,
    0xff, 0xcf, 0x00, 0x79, 0xff, 0xcf, 0x00, 0xf9, 0xff, 0xc7, 0x80, 0xf3, 0xc3, 0xc7, 0x80, 0xf3, 0x81, 0xc7, 0x80, 0xf3,
    0x81, 0xc7, 0x80, 0xf3, 0x81, 0xc7, 0x80, 0xf3, 0x81, 0xc7, 0x80, 0xf3, 0xc3, 0xcf, 0x80, 0xf9, 0xff, 0xff, 0x00, 0x79,
    0xff, 0xff, 0x00, 0x7c, 0xfe, 0xfe, 0x00, 0x3e, 0x3c, 0x7c, 0x00, 0x3f, 0x00, 0x00, 0x00, 0x1f, 0xff, 0xc0, 0x00, 0x0f,
    0xff, 0xe0, 0x00, 0x03, 0xff, 0xe0, 0x00, 0x00, 0x7f, 0x80, 0x00, 0x03, 0xf0, 0x00, 0x07, 0xf0, 0x00, 0x07, 0xf8, 0x00,
    0x07, 0xf8, 0x00, 0x0f, 0xf8, 0x00, 0x0f, 0xfc, 0x00, 0x0f, 0x3c, 0x00, 0x1f, 0x3c, 0x00, 0x1f, 0x3e, 0x00, 0x1e, 0x3e,
    0x00, 0x3e, 0x1f, 0x00, 0x3e, 0x3f, 0x00, 0x3f, 0xff, 0x00, 0x7f, 0xff, 0x80, 0x7f, 0xff, 0x80, 0x7c, 0x0f, 0x80, 0xf8,
    0x07, 0xc0, 0xf8, 0x07, 0xc0, 0xf8, 0x07, 0xc0, 0xff, 0xe0, 0xff, 0xf8, 0xff, 0xfc, 0xf9, 0xfc, 0xf0, 0x3c, 0xf0, 0x3c,
    0xf0, 0x3c, 0xf9, 0xf8, 0xff, 0xf0, 0xff, 0xf8, 0xff, 0xfc, 0xf0, 0x3e, 0xf0, 0x3e, 0xf0, 0x3e, 0xf0, 0x3e, 0xf8, 0xfe,
    0xff, 0xfc, 0xff, 0xf8, 0xff, 0xe0, 0x03, 0xf0, 0x00, 0x0f, 0xfc, 0x00, 0x1f, 0xfe, 0x00, 0x3f, 0xff, 0x00, 0x7c, 0x0f,
    0x80, 0x78, 0x0f, 0x80, 0xf8, 0x07, 0x80, 0xf8, 0x00, 0x00, 0xf8, 0x00, 0x00, 0xf0, 0x00, 0x00, 0xf8, 0x00, 0x00, 0xf8,
    0x00, 0x00, 0xf8, 0x07, 0x80, 0x78, 0x0f, 0x80, 0x7c, 0x0f, 0x80, 0x3f, 0xff, 0x00, 0x1f, 0xfe, 0x00, 0x0f, 0xfc, 0x00,
    0x03, 0xf0, 0x00, 0xff, 0xc0, 0xff, 0xf0, 0xff, 0xfc, 0xf9, 0xfe, 0xf0, 0x3e, 0xf0, 0x1f, 0xf0, 0x0f, 0xf0, 0x0f, 0xf0,
    0x0f, 0xf0, 0x0f, 0xf0, 0x0f, 0xf0, 0x0f, 0xf0, 0x0f, 0xf0, 0x1f, 0xf0, 0x3e, 0xf9, 0xfe, 0xff, 0xfc, 0xff, 0xf0, 0xff,
    0xc0, 0xff, 0xfc, 0xff, 0xfc, 0xff, 0xfc, 0xf8, 0x00, 0xf0, 0x00, 0xf0, 0x00, 0xf0, 0x00, 0xf8, 0x00, 0xff, 0xf8, 0xff,
    0xf8, 0xff, 0xf8, 0xf0, 0x00, 0xf0, 0x00, 0xf0, 0x00, 0xf0, 0x00, 0xf8, 0x00, 0xff, 0xfc, 0xff, 0xfc, 0xff, 0xfc, 0xff,
    0xfc, 0xff, 0xfc, 0xff, 0xfc, 0xf8, 0x00, 0xf0, 0x00, 0xf0, 0x00, 0xf0, 0x00, 0xf0, 0x00, 0xff, 0xf8, 0xff, 0xf8, 0xff,
    0xf8, 0xf8, 0x00, 0xf0, 0x00, 0xf0, 0x00, 0xf0, 0x00, 0xf0, 0x00, 0xf0, 0x00, 0xf0, 0x00, 0xf0, 0x00, 0x03, 0xf0, 0x00,
    0x0f, 0xfc, 0x00, 0x1f, 0xff, 0x00, 0x3f, 0xff, 0x00, 0x7c, 0x0f, 0x80, 0x78, 0x0f, 0x80, 0xf8, 0x00, 0x00, 0xf8, 0x00,
    0x00, 0xf8, 0x7f, 0x80, 0xf0, 0x7f, 0x80, 0xf8, 0x7f, 0x80, 0xf8, 0x0f, 0x80, 0xf8, 0x07, 0x80, 0x78, 0x0f, 0x80, 0x7c,
    0x0f, 0x80, 0x3f, 0xff, 0x00, 0x1f, 0xfe, 0x00, 0x0f, 0xfc, 0x00, 0x03, 0xf0, 0x00, 0xf0, 0x0f, 0xf0, 0x0f, 0xf0, 0x0f,
    0xf0, 0x0f, 0xf0, 0x0f, 0xf0, 0x0f, 0xf0, 0x0f, 0xf8, 0x0f, 0xff, 0xff, 0xff, 0xff, 0xff, 0xff, 0xf0, 0x0f, 0xf0, 0x0f,
    0xf0, 0x0f, 0xf0, 0x0f, 0xf0, 0x0f, 0xf0, 0x0f, 0xf0, 0x0f, 0xf0, 0x0f, 0xf0, 0xf0, 0xf0, 0xf0, 0xf0, 0xf0, 0xf0, 0xf0,
    0xf0, 0xf0, 0xf0, 0xf0, 0xf0, 0xf0, 0xf0, 0xf0, 0xf0, 0xf0, 0xf0, 0x00, 0x78, 0x00, 0x78, 0x00, 0x78, 0x00, 0x78, 0x00,
    0x78, 0x00, 0x78, 0x00, 0x78, 0x00, 0x78, 0x00, 0x78, 0x00, 0x78, 0x00, 0x78, 0x00, 0x78, 0xf0, 0x78, 0xf0, 0x78, 0xf8,
    0xf8, 0xff, 0xf8, 0x7f, 0xf0, 0x3f, 0xe0, 0x1f, 0x80, 0xf0, 0x1f, 0x00, 0xf0, 0x3e, 0x00, 0xf0, 0x7e, 0x00, 0xf0, 0xfc,
    0x00, 0xf0, 0xf8, 0x00, 0xf1, 0xf0, 0x00, 0xf3, 0xe0, 0x00, 0xf7, 0xc0, 0x00, 0xff, 0xc0, 0x00, 0xff, 0xe0, 0x00, 0xff,
    0xe0, 0x00, 0xff, 0xf0, 0x00, 0xfc, 0xf8, 0x00, 0xf8, 0xf8, 0x00, 0xf8, 0x7c, 0x00, 0xf0, 0x3e, 0x00, 0xf0, 0x3e, 0x00,
    0xf0, 0x1f, 0x00, 0xf0, 0x1f, 0x80, 0xf0, 0x00, 0xf0, 0x00, 0xf0, 0x00, 0xf0, 0x00, 0xf0, 0x00, 0xf0, 0x00, 0xf0, 0x00,
    0xf0, 0x00, 0xf0, 0x00, 0xf0, 0x00, 0xf0, 0x00, 0xf0, 0x00, 0xf0, 0x00, 0xf0, 0x00, 0xf0, 0x00, 0xf8, 0x00, 0xff, 0xf8,
    0xff, 0xf8, 0xff, 0xf8, 0xfe, 0x03, 0xf8, 0xfe, 0x03, 0xf8, 0xff, 0x03, 0xf8, 0xff, 0x07, 0xf8, 0xff, 0x07, 0xf8, 0xff,
    0x87, 0xf8, 0xff, 0x8f, 0xf8, 0xf7, 0x8f, 0x78, 0xf7, 0xcf, 0x78, 0xf3, 0xcf, 0x78, 0xf3, 0xde, 0x78, 0xf3, 0xde, 0x78,
    0xf1, 0xfe, 0x78, 0xf1, 0xfc, 0x78, 0xf1, 0xfc, 0x78, 0xf0, 0xfc, 0x78, 0xf0, 0xf8, 0x78, 0xf0, 0xf8, 0x78, 0xf0, 0x78,
    0x78, 0xf8, 0x0f, 0xfc, 0x0f, 0xfc, 0x0f, 0xfe, 0x0f, 0xfe, 0x0f, 0xff, 0x0f, 0xff, 0x8f, 0xff, 0x8f, 0xf3, 0xcf, 0xf3,
    0xcf, 0xf1, 0xef, 0xf1, 0xef, 0xf0, 0xff, 0xf0, 0xff, 0xf0, 0x7f, 0xf0, 0x3f, 0xf0, 0x3f, 0xf0, 0x1f, 0xf0, 0x1f, 0x03,
    0xf0, 0x00, 0x0f, 0xfc, 0x00, 0x1f, 0xfe, 0x00, 0x3f, 0xff, 0x00, 0x7c, 0x0f, 0x80, 0x78, 0x07, 0x80, 0xf8, 0x07, 0xc0,
    0xf8, 0x07, 0xc0, 0xf8, 0x07, 0xc0, 0xf0, 0x03, 0xc0, 0xf8, 0x07, 0xc0, 0xf8, 0x07, 0xc0, 0xf8, 0x07, 0xc0, 0x78, 0x07,
    0x80, 0x7c, 0x0f, 0x80, 0x3f, 0xff, 0x00, 0x1f, 0xfe, 0x00, 0x0f, 0xfc, 0x00, 0x03, 0xf0, 0x00, 0xff, 0xe0, 0xff, 0xf8,
    0xff, 0xfc, 0xf9, 0xfc, 0xf0, 0x3e, 0xf0, 0x3e, 0xf0, 0x1e, 0xf0, 0x3e, 0xf0, 0x7e, 0xff, 0xfc, 0xff, 0xf8, 0xff, 0xf0,
    0xf8, 0x00, 0xf0, 0x00, 0xf0, 0x00, 0xf0, 0x00, 0xf0, 0x00, 0xf0, 0x00, 0xf0, 0x00, 0x03, 0xf0, 0x00, 0x0f, 0xfc, 0x00,
    0x1f, 0xfe, 0x00, 0x3f, 0xff, 0x00, 0x7c, 0x0f, 0x80, 0x78, 0x07, 0x80, 0xf8, 0x07, 0xc0, 0xf8, 0x07, 0xc0, 0xf8, 0x07,
    0xc0, 0xf0, 0x03, 0xc0, 0xf8, 0x07, 0xc0, 0xf8, 0x07, 0xc0, 0xf8, 0xe7, 0xc0, 0x78, 0xff, 0x80, 0x7c, 0x7f, 0x80, 0x3f,
    0xff, 0x00, 0x1f, 0xfe, 0x00, 0x0f, 0xff, 0x00, 0x03, 0xff, 0x00, 0x00, 0x07, 0x80, 0xff, 0xe0, 0xff, 0xf8, 0xff, 0xfc,
    0xf9, 0xfc, 0xf0, 0x3e, 0xf0, 0x3e, 0xf0, 0x1e, 0xf0, 0x3e, 0xf0, 0x7e, 0xff, 0xfc, 0xff, 0xf8, 0xff, 0xf0, 0xf9, 0xf0,
    0xf0, 0xf8, 0xf0, 0xf8, 0xf0, 0x7c, 0xf0, 0x7c, 0xf0, 0x3e, 0xf0, 0x3e, 0x07, 0xe0, 0x1f, 0xf8, 0x3f, 0xfc, 0x7f, 0xfc,
    0x78, 0x3e, 0x78, 0x1e, 0x7c, 0x00, 0x7f, 0x00, 0x7f, 0xf0, 0x3f, 0xfc, 0x0f, 0xfe, 0x00, 0xfe, 0x00, 0x3e, 0xf8, 0x1e,
    0xf8, 0x1e, 0x7f, 0xfe, 0x7f, 0xfc, 0x3f, 0xf8, 0x0f, 0xe0, 0xff, 0xff, 0xff, 0xff, 0xff, 0xff, 0x07, 0xc0, 0x03, 0xc0,
    0x03, 0xc0, 0x03, 0xc0, 0x03, 0xc0, 0x03, 0xc0, 0x03, 0xc0, 0x03, 0xc0, 0x03, 0xc0, 0x03, 0xc0, 0x03, 0xc0, 0x03, 0xc0,
    0x03, 0xc0, 0x03, 0xc0, 0x03, 0xc0, 0x03, 0xc0, 0xf0, 0x0f, 0xf0, 0x0f, 0xf0, 0x0f, 0xf0, 0x0f, 0xf0, 0x0f, 0xf0, 0x0f,
    0xf0, 0x0f, 0xf0, 0x0f, 0xf0, 0x0f, 0xf0, 0x0f, 0xf0, 0x0f, 0xf0, 0x0f, 0xf8, 0x1f, 0xf8, 0x1f, 0xf8, 0x1f, 0x7f, 0xfe,
    0x3f, 0xfc, 0x1f, 0xf8, 0x07, 0xe0, 0xf8, 0x03, 0xe0, 0x7c, 0x03, 0xc0, 0x7c, 0x07, 0xc0, 0x7c, 0x07, 0xc0, 0x3e, 0x07,
    0x80, 0x3e, 0x0f, 0x80, 0x3e, 0x0f, 0x80, 0x1f, 0x0f, 0x00, 0x1f, 0x1f, 0x00, 0x1f, 0x1f, 0x00, 0x0f, 0x1e, 0x00, 0x0f,
    0x9e, 0x00, 0x0f, 0xbe, 0x00, 0x07, 0xbc, 0x00, 0x07, 0xfc, 0x00, 0x07, 0xfc, 0x00, 0x03, 0xf8, 0x00, 0x03, 0xf8, 0x00,
    0x03, 0xf8, 0x00, 0xf8, 0x1f, 0x07, 0xc0, 0x78, 0x1f, 0x07, 0xc0, 0x7c, 0x3f, 0x07, 0xc0, 0x7c, 0x3f, 0x07, 0xc0, 0x7c,
    0x3f, 0x87, 0x80, 0x3c, 0x3f, 0x8f, 0x80, 0x3e, 0x7f, 0x8f, 0x80, 0x3e, 0x7f, 0x8f, 0x00, 0x3e, 0x7b, 0xcf, 0x00, 0x1e,
    0x7b, 0xdf, 0x00, 0x1e, 0x73, 0xdf, 0x00, 0x1f, 0xf3, 0xde, 0x00, 0x1f, 0xf1, 0xfe, 0x00, 0x0f, 0xf1, 0xfe, 0x00, 0x0f,
    0xe1, 0xfe, 0x00, 0x0f, 0xe1, 0xfc, 0x00, 0x07, 0xe0, 0xfc, 0x00, 0x07, 0xe0, 0xfc, 0x00, 0x07, 0xc0, 0xfc, 0x00, 0x7c,
    0x07, 0xc0, 0x3e, 0x0f, 0x80, 0x3f, 0x1f, 0x00, 0x1f, 0x1f, 0x00, 0x0f, 0xbe, 0x00, 0x0f, 0xfc, 0x00, 0x07, 0xfc, 0x00,
    0x03, 0xf8, 0x00, 0x03, 0xf8, 0x00, 0x01, 0xf0, 0x00, 0x03, 0xf8, 0x00, 0x07, 0xfc, 0x00, 0x07, 0xfc, 0x00, 0x0f, 0xbe,
    0x00, 0x1f, 0x3f, 0x00, 0x3f, 0x1f, 0x00, 0x3e, 0x0f, 0x80, 0x7c, 0x0f, 0xc0, 0xfc, 0x07, 0xc0, 0xf8, 0x07, 0xc0, 0x7c,
    0x0f, 0x80, 0x7e, 0x0f, 0x80, 0x3e, 0x1f, 0x00, 0x1f, 0x1f, 0x00, 0x1f, 0x3e, 0x00, 0x0f, 0xbe, 0x00, 0x0f, 0xfc, 0x00,
    0x07, 0xfc, 0x00, 0x07, 0xf8, 0x00, 0x03, 0xf0, 0x00, 0x01, 0xf0, 0x00, 0x01, 0xe0, 0x00, 0x01, 0xe0, 0x00, 0x01, 0xe0,
    0x00, 0x01, 0xe0, 0x00, 0x01, 0xe0, 0x00, 0x01, 0xe0, 0x00, 0x01, 0xe0, 0x00, 0xff, 0xfe, 0xff, 0xfe, 0xff, 0xfe, 0x00,
    0x7e, 0x00, 0x7c, 0x00, 0xf8, 0x01, 0xf0, 0x03, 0xf0, 0x03, 0xe0, 0x07, 0xc0, 0x0f, 0x80, 0x1f, 0x80, 0x1f, 0x00, 0x3e,
    0x00, 0x7c, 0x00, 0xfc, 0x00, 0xff, 0xfe, 0xff, 0xfe, 0xff, 0xfe, 0xfe, 0xfe, 0xfe, 0xf8, 0xf0, 0xf0, 0xf0, 0xf0, 0xf0,
    0xf0, 0xf0, 0xf0, 0xf0, 0xf0, 0xf0, 0xf0, 0xf0, 0xf0, 0xf0, 0xf0, 0xf8, 0xfe, 0xfe, 0xfe, 0xf0, 0x00, 0xf0, 0x00, 0x70,
    0x00, 0x78, 0x00, 0x78, 0x00, 0x38, 0x00, 0x3c, 0x00, 0x3c, 0x00, 0x3c, 0x00, 0x1c, 0x00, 0x1e, 0x00, 0x1e, 0x00, 0x1e,
    0x00, 0x0e, 0x00, 0x0f, 0x00, 0x0f, 0x00, 0x0f, 0x00, 0x07, 0x00, 0x07, 0x80, 0x07, 0x80, 0x07, 0x80, 0x03, 0xc0, 0x03,
    0xc0, 0xfe, 0xfe, 0xfe, 0x1e, 0x1e, 0x1e, 0x1e, 0x1e, 0x1e, 0x1e, 0x1e, 0x1e, 0x1e, 0x1e, 0x1e, 0x1e, 0x1e, 0x1e, 0x1e,
    0x1e, 0x1e, 0xfe, 0xfe, 0xfe, 0x0e, 0x00, 0x1f, 0x00, 0x1f, 0x00, 0x3f, 0x80, 0x3b, 0x80, 0x71, 0xc0, 0x71, 0xc0, 0xe0,
    0xe0, 0xe0, 0xe0, 0xff, 0xf8, 0xff, 0xf8, 0xff, 0xf8, 0xf0, 0x70, 0x38, 0x0f, 0xc0, 0x3f, 0xf0, 0x7f, 0xf0, 0x7f, 0xf8,
    0x78, 0x78, 0x00, 0xf8, 0x1f, 0xf8, 0x7f, 0xf8, 0xf8, 0x78, 0xf8, 0xf8, 0xff, 0xf8, 0xff, 0xf8, 0x7f, 0x78, 0x3e, 0x78,
    0xf0, 0x00, 0xf0, 0x00, 0xf0, 0x00, 0xf0, 0x00, 0xf0, 0x00, 0xf3, 0xe0, 0xff, 0xf0, 0xff, 0xf8, 0xff, 0xf8, 0xf8, 0x7c,
    0xf8, 0x7c, 0xf0, 0x3c, 0xf0, 0x3c, 0xf8, 0x7c, 0xf8, 0x7c, 0xff, 0xf8, 0xff, 0xf8, 0xff, 0xf0, 0xf3, 0xe0, 0x0f, 0xc0,
    0x3f, 0xe0, 0x7f, 0xf0, 0x7f, 0xf8, 0xf8, 0x78, 0xf8, 0x38, 0xf0, 0x00, 0xf0, 0x00, 0xf8, 0x38, 0xf8, 0x78, 0x7f, 0xf8,
    0x7f, 0xf0, 0x3f, 0xf0, 0x0f, 0xc0, 0x00, 0x3c, 0x00, 0x3c, 0x00, 0x3c, 0x00, 0x3c, 0x00, 0x3c, 0x0f, 0x3c, 0x3f, 0xfc,
    0x7f, 0xfc, 0x7f, 0xfc, 0xf8, 0x7c, 0xf8, 0x7c, 0xf0, 0x3c, 0xf0, 0x3c, 0xf8, 0x7c, 0xf8, 0x7c, 0x7f, 0xfc, 0x7f, 0xfc,
    0x3f, 0xfc, 0x1f, 0x3c, 0x0f, 0xc0, 0x1f, 0xf0, 0x3f, 0xf8, 0x7f, 0xf8, 0xf8, 0x7c, 0xff, 0xfc, 0xff, 0xfc, 0xff, 0xfc,
    0xf8, 0x00, 0xf8, 0x3c, 0x7f, 0xf8, 0x3f, 0xf8, 0x1f, 0xf0, 0x0f, 0xc0, 0x07, 0xc0, 0x0f, 0xc0, 0x1f, 0xc0, 0x1f, 0x80,
    0x1e, 0x00, 0xff, 0xc0, 0xff, 0xc0, 0xff, 0xc0, 0x1f, 0x00, 0x1e, 0x00, 0x1e, 0x00, 0x1e, 0x00, 0x1e, 0x00, 0x1e, 0x00,
    0x1e, 0x00, 0x1e, 0x00, 0x1e, 0x00, 0x1e, 0x00, 0x1e, 0x00, 0x0f, 0x3c, 0x3f, 0xfc, 0x7f, 0xfc, 0x7f, 0xfc, 0xf8, 0x7c,
    0xf8, 0x7c, 0xf0, 0x3c, 0xf0, 0x3c, 0xf8, 0x7c, 0xf8, 0x7c, 0x7f, 0xfc, 0x7f, 0xfc, 0x3f, 0xbc, 0x1f, 0x3c, 0x00, 0x7c,
    0x7f, 0xfc, 0x7f, 0xf8, 0x3f, 0xf0, 0x0f, 0xc0, 0xf0, 0x00, 0xf0, 0x00, 0xf0, 0x00, 0xf0, 0x00, 0xf0, 0x00, 0xf3, 0xe0,
    0xf7, 0xf0, 0xff, 0xf8, 0xff, 0xf8, 0xf8, 0xf8, 0xf8, 0x78, 0xf0, 0x78, 0xf0, 0x78, 0xf0, 0x78, 0xf0, 0x78, 0xf0, 0x78,
    0xf0, 0x78, 0xf0, 0x78, 0xf0, 0x78, 0x70, 0xf0, 0xf0, 0x70, 0x00, 0xf0, 0xf0, 0xf0, 0xf0, 0xf0, 0xf0, 0xf0, 0xf0, 0xf0,
    0xf0, 0xf0, 0xf0, 0xf0, 0xf0, 0x1c, 0x3c, 0x3c, 0x1c, 0x00, 0x3c, 0x3c, 0x3c, 0x3c, 0x3c, 0x3c, 0x3c, 0x3c, 0x3c, 0x3c,
    0x3c, 0x3c, 0x3c, 0x3c, 0x3c, 0x7c, 0xfc, 0xf8, 0xf0, 0xf0, 0x00, 0xf0, 0x00, 0xf0, 0x00, 0xf0, 0x00, 0xf0, 0x00, 0xf0,
    0xf8, 0xf1, 0xf0, 0xf1, 0xf0, 0xf3, 0xe0, 0xff, 0xc0, 0xff, 0x80, 0xff, 0x80, 0xff, 0xc0, 0xff, 0xc0, 0xfb, 0xe0, 0xf1,
    0xf0, 0xf1, 0xf0, 0xf0, 0xf8, 0xf0, 0xfc, 0xf0, 0xf0, 0xf0, 0xf0, 0xf0, 0xf0, 0xf0, 0xf0, 0xf0, 0xf0, 0xf0, 0xf0, 0xf0,
    0xf0, 0xf0, 0xf0, 0xf0, 0xf0, 0xf0, 0xf3, 0xe3, 0xe0, 0xf7, 0xf7, 0xf0, 0xff, 0xff, 0xf8, 0xfd, 0xfd, 0xf8, 0xf8, 0xf8,
    0xf8, 0xf0, 0x78, 0x78, 0xf0, 0x78, 0x78, 0xf0, 0x78, 0x78, 0xf0, 0x78, 0x78, 0xf0, 0x78, 0x78, 0xf0, 0x78, 0x78, 0xf0,
    0x78, 0x78, 0xf0, 0x78, 0x78, 0xf0, 0x78, 0x78, 0xf3, 0xe0, 0xff, 0xf0, 0xff, 0xf8, 0xff, 0xf8, 0xf8, 0x78, 0xf8, 0x78,
    0xf0, 0x78, 0xf0, 0x78, 0xf0, 0x78, 0xf0, 0x78, 0xf0, 0x78, 0xf0, 0x78, 0xf0, 0x78, 0xf0, 0x78, 0x0f, 0xc0, 0x3f, 0xf0,
    0x7f, 0xf8, 0x7f, 0xf8, 0xf8, 0x7c, 0xf8, 0x7c, 0xf0, 0x3c, 0xf0, 0x3c, 0xf8, 0x7c, 0xf8, 0x7c, 0x7f, 0xf8, 0x7f, 0xf8,
    0x3f, 0xf0, 0x0f, 0xc0, 0xf3, 0xe0, 0xff, 0xf0, 0xff, 0xf8, 0xff, 0xf8, 0xf8, 0x7c, 0xf8, 0x7c, 0xf0, 0x3c, 0xf0, 0x3c,
    0xf8, 0x7c, 0xf8, 0x7c, 0xff, 0xf8, 0xff, 0xf8, 0xff, 0xf0, 0xf3, 0xc0, 0xf0, 0x00, 0xf0, 0x00, 0xf0, 0x00, 0xf0, 0x00,
    0xf0, 0x00, 0x0f, 0x3c, 0x3f, 0xfc, 0x7f, 0xfc, 0x7f, 0xfc, 0xf8, 0x7c, 0xf8, 0x7c, 0xf0, 0x3c, 0xf0, 0x3c, 0xf8, 0x7c,
    0xf8, 0x7c, 0x7f, 0xfc, 0x7f, 0xfc, 0x3f, 0xfc, 0x1f, 0x3c, 0x00, 0x3c, 0x00, 0x3c, 0x00, 0x3c, 0x00, 0x3c, 0x00, 0x3c,
    0xf3, 0x80, 0xff, 0x80, 0xff, 0x80, 0xfe, 0x80, 0xf8, 0x00, 0xf8, 0x00, 0xf0, 0x00, 0xf0, 0x00, 0xf0, 0x00, 0xf0, 0x00,
    0xf0, 0x00, 0xf0, 0x00, 0xf0, 0x00, 0xf0, 0x00, 0x1f, 0x80, 0x7f, 0xe0, 0xff, 0xe0, 0xff, 0xf0, 0xf8, 0xf0, 0xf8, 0x00,
    0x7f, 0xc0, 0x1f, 0xf0, 0x01, 0xf0, 0xf0, 0xf0, 0xff, 0xf0, 0x7f, 0xf0, 0x7f, 0xe0, 0x1f, 0x80, 0x3c, 0x00, 0x3c, 0x00,
    0x3c, 0x00, 0x3c, 0x00, 0xff, 0x80, 0xff, 0x80, 0xff, 0x80, 0x3e, 0x00, 0x3c, 0x00, 0x3c, 0x00, 0x3c, 0x00, 0x3c, 0x00,
    0x3c, 0x00, 0x3c, 0x00, 0x3f, 0x00, 0x3f, 0x80, 0x1f, 0x80, 0x0f, 0x80, 0xf0, 0x78, 0xf0, 0x78, 0xf0, 0x78, 0xf0, 0x78,
    0xf0, 0x78, 0xf0, 0x78, 0xf0, 0x78, 0xf0, 0x78, 0xf8, 0x78, 0xf8, 0x78, 0xff, 0xf8, 0x7f, 0xf8, 0x7f, 0x78, 0x1e, 0x78,
    0xf8, 0x3e, 0x78, 0x3c, 0x78, 0x3c, 0x7c, 0x7c, 0x3c, 0x78, 0x3c, 0x78, 0x3e, 0x78, 0x1e, 0xf0, 0x1e, 0xf0, 0x1f, 0xf0,
    0x0f, 0xe0, 0x0f, 0xe0, 0x07, 0xe0, 0x07, 0xc0, 0xf8, 0x78, 0x7c, 0x78, 0x78, 0x7c, 0x78, 0xfc, 0x78, 0x78, 0xfc, 0x78,
    0x7c, 0xfc, 0xf8, 0x3c, 0xfc, 0xf0, 0x3d, 0xfe, 0xf0, 0x3d, 0xee, 0xf0, 0x1f, 0xcf, 0xe0, 0x1f, 0xcf, 0xe0, 0x1f, 0xcf,
    0xe0, 0x1f, 0x87, 0xe0, 0x0f, 0x87, 0xc0, 0x0f, 0x87, 0xc0, 0xf8, 0x78, 0x7c, 0xf8, 0x3c, 0xf0, 0x3f, 0xe0, 0x1f, 0xe0,
    0x1f, 0xc0, 0x0f, 0x80, 0x0f, 0xc0, 0x1f, 0xc0, 0x1f, 0xe0, 0x3d, 0xf0, 0x7c, 0xf0, 0x78, 0xf8, 0xf8, 0x78, 0xf0, 0x3c,
    0xf0, 0x7c, 0xf8, 0x78, 0x78, 0x78, 0x78, 0xf8, 0x3c, 0xf0, 0x3c, 0xf0, 0x3d, 0xf0, 0x1f, 0xe0, 0x1f, 0xe0, 0x1f, 0xc0,
    0x0f, 0xc0, 0x0f, 0xc0, 0x07, 0x80, 0x0f, 0x80, 0x1f, 0x80, 0x7f, 0x00, 0x7e, 0x00, 0x7c, 0x00, 0xff, 0xf0, 0xff, 0xf0,
    0xff, 0xf0, 0x03, 0xf0, 0x03, 0xe0, 0x07, 0xc0, 0x0f, 0x80, 0x1f, 0x00, 0x3e, 0x00, 0x7c, 0x00, 0x7c, 0x00, 0xff, 0xf0,
    0xff, 0xf0, 0xff, 0xf0, 0x07, 0xc0, 0x0f, 0xc0, 0x1f, 0xc0, 0x1f, 0x80, 0x1e, 0x00, 0x1e, 0x00, 0x1e, 0x00, 0x1e, 0x00,
    0x3e, 0x00, 0x3e, 0x00, 0xfe, 0x00, 0xfc, 0x00, 0xf8, 0x00, 0xfc, 0x00, 0x3e, 0x00, 0x3e, 0x00, 0x1e, 0x00, 0x1e, 0x00,
    0x1e, 0x00, 0x1e, 0x00, 0x1f, 0x80, 0x1f, 0xc0, 0x0f, 0xc0, 0x07, 0xc0, 0xf0, 0xf0, 0xf0, 0xf0, 0xf0, 0xf0, 0xf0, 0xf0,
    0xf0, 0xf0, 0xf0, 0xf0, 0xf0, 0xf0, 0xf0, 0xf0, 0xf0, 0xf0, 0xf0, 0xf0, 0xf0, 0xf0, 0xf0, 0xf0, 0xf0, 0xf0, 0xf0, 0xf0,
    0xf0, 0xf0, 0xf0, 0x78, 0x00, 0xfc, 0x00, 0xfe, 0x00, 0x7e, 0x00, 0x1e, 0x00, 0x1e, 0x00, 0x1e, 0x00, 0x1e, 0x00, 0x1f,
    0x00, 0x1f, 0x00, 0x1f, 0xc0, 0x0f, 0xe0, 0x03, 0xe0, 0x0f, 0xe0, 0x1f, 0x00, 0x1f, 0x00, 0x1e, 0x00, 0x1e, 0x00, 0x1e,
    0x00, 0x1e, 0x00, 0x7e, 0x00, 0xfe, 0x00, 0xfc, 0x00, 0xf8, 0x00, 0x3c, 0x1c, 0x7f, 0x1c, 0x7f, 0xfc, 0xff, 0xf8, 0xe3,
    0xf8, 0xe0, 0xf0, 0x60, 0xf0, 0xf0, 0xf0, 0x60, 0x3c, 0x7e, 0xff, 0xff, 0xff, 0xff, 0x7e, 0x3c, 0x00, 0xc0, 0x00, 0x01,
    0xe0, 0x00, 0x00, 0xf0, 0x00, 0x00, 0x78, 0x00, 0x00, 0x3c, 0x00, 0x00, 0x1e, 0x00, 0x00, 0x0f, 0x00, 0x00, 0x0f, 0x80,
    0xff, 0xff, 0xc0, 0xff, 0xff, 0xe0, 0xff, 0xff, 0xc0, 0x00, 0x0f, 0x80, 0x00, 0x1f, 0x00, 0x00, 0x3e, 0x00, 0x00, 0x7c,
    0x00, 0x00, 0xf8, 0x00, 0x01, 0xf0, 0x00, 0x00, 0xe0, 0x00, 0x00, 0x40, 0x00, 0x00, 0x60, 0x00, 0x00, 0xf0, 0x00, 0x01,
    0xe0, 0x00, 0x03, 0xc0, 0x00, 0x07, 0x80, 0x00, 0x0f, 0x00, 0x00, 0x1e, 0x00, 0x00, 0x3e, 0x00, 0x00, 0x7f, 0xff, 0xe0,
    0xff, 0xff, 0xe0, 0x7f, 0xff, 0xe0, 0x3e, 0x00, 0x00, 0x1f, 0x00, 0x00, 0x0f, 0x80, 0x00, 0x07, 0xc0, 0x00, 0x03, 0xe0,
    0x00, 0x01, 0xf0, 0x00, 0x00, 0xe0, 0x00, 0x00, 0x40, 0x00, 0x60, 0x60, 0xe0, 0xf0, 0xf1, 0xe0, 0xf0, 0xf1, 0xf0, 0xf0,
    0xf1, 0xe0, 0x60, 0x60, 0xe0, 0xff, 0xf8, 0xff, 0xf8, 0xff, 0xf8, 0xff, 0xff, 0xff, 0xc0, 0xff, 0xff, 0xff, 0xc0, 0xff,
    0xff, 0xff, 0xc0, 0x3e, 0x00, 0x7f, 0x00, 0xff, 0x80, 0xe3, 0x80, 0xe3, 0x80, 0xe3, 0x80, 0x7f, 0x00, 0x7f, 0x00, 0x1c,
    0x00, 0x07, 0x80, 0x07, 0x80, 0x07, 0x80, 0xff, 0xf8, 0xff, 0xf8, 0xff, 0xf8, 0x07, 0x80, 0x07, 0x80, 0x07, 0x80, 0x00,
    0x00, 0x00, 0x00, 0xff, 0xf8, 0xff, 0xf8, 0xff, 0xf8, 0x70, 0x30, 0xf8, 0x78, 0xfc, 0xf8, 0x7f, 0xf0, 0x3f, 0xe0, 0x1f,
    0xc0, 0x0f, 0xc0, 0x1f, 0xe0, 0x3f, 0xf0, 0x7d, 0xf8, 0xf8, 0xf8, 0x70, 0x78, 0x20, 0x30,
};
static const beacon_glyph_t k_ui26b_glyphs[] = {
    {0, 5, 0, 0, 0, 0},  // U+0020
    {0, 7, 1, 19, 4, 19},  // U+0021
    {19, 14, 2, 19, 10, 8},  // U+0022
    {35, 17, 0, 19, 16, 19},  // U+0023
    {73, 17, 1, 22, 15, 25},  // U+0024
    {123, 26, 2, 19, 22, 19},  // U+0025
    {180, 17, 1, 19, 17, 19},  // U+0026
    {237, 8, 2, 19, 4, 8},  // U+0027
    {245, 9, 1, 20, 7, 24},  // U+0028
    {269, 9, 0, 20, 7, 24},  // U+0029
    {293, 15, 3, 19, 10, 11},  // U+002A
    {315, 17, 2, 14, 14, 14},  // U+002B
    {343, 7, 1, 4, 5, 8},  // U+002C
    {351, 12, 2, 9, 9, 3},  // U+002D
    {357, 7, 1, 5, 4, 5},  // U+002E
    {362, 10, 0, 20, 10, 23},  // U+002F
    {408, 17, 1, 19, 16, 19},  // U+0030
    {446, 11, 0, 19, 9, 19},  // U+0031
    {484, 16, 1, 19, 14, 19},  // U+0032
    {522, 16, 1, 19, 15, 19},  // U+0033
    {560, 18, 0, 19, 17, 19},  // U+0034
    {617, 16, 1, 19, 14, 19},  // U+0035
    {655, 17, 1, 19, 15, 19},  // U+0036
    {693, 15, 1, 19, 14, 19},  // U+0037
    {731, 17, 1, 19, 15, 19},  // U+0038
    {769, 17, 1, 19, 15, 19},  // U+0039
    {807, 7, 1, 14, 4, 14},  // U+003A
    {821, 7, 1, 14, 4, 18},  // U+003B
    {839, 17, 2, 15, 14, 14},  // U+003C
    {867, 17, 2, 13, 13, 10},  // U+003D
    {887, 17, 2, 15, 14, 15},  // U+003E
    {917, 15, 1, 19, 13, 19},  // U+003F
    {955, 27, 1, 19, 25, 24},  // U+0040
    {1051, 19, 1, 19, 18, 19},  // U+0041
    {1108, 17, 1, 19, 15, 19},  // U+0042
    {1146, 19, 1, 19, 17, 19},  // U+0043
    {1203, 18, 1, 19, 16, 19},  // U+0044
    {1241, 16, 1, 19, 14, 19},  // U+0045
    {1279, 15, 1, 19, 14, 19},  // U+0046
    {1317, 19, 1, 19, 17, 19},  // U+0047
    {1374, 19, 1, 19, 16, 19},  // U+0048
    {1412, 7, 1, 19, 4, 19},  // U+0049
    {1431, 15, 1, 19, 13, 19},  // U+004A
    {1469, 19, 1, 19, 17, 19},  // U+004B
    {1526, 15, 1, 19, 13, 19},  // U+004C
    {1564, 24, 1, 19, 21, 19},  // U+004D
    {1621, 19, 1, 19, 16, 19},  // U+004E
    {1659, 20, 1, 19, 18, 19},  // U+004F
    {1716, 17, 1, 19, 15, 19},  // U+0050
    {1754, 20, 1, 19, 18, 20},  // U+0051
    {1814, 17, 1, 19, 15, 19},  // U+0052
    {1852, 17, 1, 19, 15, 19},  // U+0053
    {1890, 17, 1, 19, 16, 19},  // U+0054
    {1928, 18, 1, 19, 16, 19},  // U+0055
    {1966, 19, 0, 19, 19, 19},  // U+0056
    {2023, 27, 0, 19, 26, 19},  // U+0057
    {2099, 19, 0, 19, 18, 19},  // U+0058
    {2156, 19, 0, 19, 18, 19},  // U+0059
    {2213, 17, 1, 19, 15, 19},  // U+005A
    {2251, 9, 2, 20, 7, 24},  // U+005B
    {2275, 10, 0, 20, 10, 23},  // U+005C
    {2321, 9, 0, 20, 7, 24},  // U+005D
    {2345, 12, 1, 19, 11, 9},  // U+005E
    {2363, 13, 0, 0, 13, 3},  // U+005F
    {2369, 9, 2, 18, 5, 3},  // U+0060
    {2372, 15, 1, 14, 13, 14},  // U+0061
    {2400, 16, 1, 19, 14, 19},  // U+0062
    {2438, 15, 1, 14, 13, 14},  // U+0063
    {2466, 16, 1, 19, 14, 19},  // U+0064
    {2504, 15, 1, 14, 14, 14},  // U+0065
    {2532, 10, 0, 19, 10, 19},  // U+0066
    {2570, 16, 1, 14, 14, 19},  // U+0067
    {2608, 16, 1, 19, 13, 19},  // U+0068
    {2646, 7, 1, 19, 4, 19},  // U+0069
    {2665, 7, -1, 19, 6, 24},  // U+006A
    {2689, 15, 1, 19, 14, 19},  // U+006B
    {2727, 7, 1, 19, 4, 19},  // U+006C
    {2746, 24, 1, 14, 21, 14},  // U+006D
    {2788, 16, 1, 14, 13, 14},  // U+006E
    {2816, 16, 1, 14, 14, 14},  // U+006F
    {2844, 16, 1, 14, 14, 19},  // U+0070
    {2882, 16, 1, 14, 14, 19},  // U+0071
    {2920, 10, 1, 14, 9, 14},  // U+0072
    {2948, 14, 1, 14, 12, 14},  // U+0073
    {2976, 10, 1, 18, 9, 18},  // U+0074
    {3012, 16, 1, 14, 13, 14},  // U+0075
    {3040, 15, 0, 14, 15, 14},  // U+0076
    {3068, 22, 0, 14, 22, 14},  // U+0077
    {3110, 15, 0, 14, 13, 14},  // U+0078
    {3138, 15, 1, 14, 14, 19},  // U+0079
    {3176, 14, 1, 14, 12, 14},  // U+007A
    {3204, 12, 2, 20, 10, 24},  // U+007B
    {3252, 10, 3, 25, 4, 31},  // U+007C
    {3283, 12, 0, 20, 11, 24},  // U+007D
    {3331, 17, 2, 11, 14, 6},  // U+007E
    {3343, 7, 1, 12, 4, 5},  // U+00B7
    {3348, 11, 1, 11, 8, 8},  // U+2022
    {3356, 24, 3, 18, 19, 19},  // U+2192
    {3413, 24, 2, 18, 19, 19},  // U+2190
    {3470, 22, 1, 5, 20, 5},  // U+2026
    {3485, 13, 0, 9, 13, 3},  // U+2013
    {3491, 26, 0, 9, 26, 3},  // U+2014
    {3503, 12, 1, 19, 9, 9},  // U+00B0
    {3521, 17, 2, 15, 13, 14},  // U+00B1
    {3549, 17, 2, 14, 13, 13},  // U+00D7
};
static const uint16_t k_ui26b_cps[] = {
    32, 33, 34, 35, 36, 37, 38, 39, 40, 41, 42, 43,
    44, 45, 46, 47, 48, 49, 50, 51, 52, 53, 54, 55,
    56, 57, 58, 59, 60, 61, 62, 63, 64, 65, 66, 67,
    68, 69, 70, 71, 72, 73, 74, 75, 76, 77, 78, 79,
    80, 81, 82, 83, 84, 85, 86, 87, 88, 89, 90, 91,
    92, 93, 94, 95, 96, 97, 98, 99, 100, 101, 102, 103,
    104, 105, 106, 107, 108, 109, 110, 111, 112, 113, 114, 115,
    116, 117, 118, 119, 120, 121, 122, 123, 124, 125, 126, 183,
    8226, 8594, 8592, 8230, 8211, 8212, 176, 177, 215,
};
const beacon_font_t beacon_font_ui26b = {
    .name = "ui26b",
    .ascent = 26,
    .descent = 7,
    .line_height = 33,
    .count = 105,
    .codepoints = k_ui26b_cps,
    .glyphs = k_ui26b_glyphs,
    .bits = k_ui26b_bits,
};

static const uint8_t k_ui40b_bits[] = {
    0xfe, 0xfe, 0xfe, 0xfe, 0xfe, 0xfe, 0xfe, 0xfe, 0xfe, 0xfe, 0xfe, 0xfe, 0xfe, 0xfe, 0xfe, 0xfe, 0xfe, 0xfe, 0xfe, 0xfe,
    0x00, 0x00, 0x38, 0x7c, 0xfe, 0xfe, 0xfe, 0x7c, 0x38, 0xf8, 0x7c, 0xf8, 0x7c, 0xf8, 0x7c, 0xf8, 0x7c, 0xf8, 0x7c, 0xf8,
    0x7c, 0xf8, 0x7c, 0xf8, 0x7c, 0xf8, 0x7c, 0xf8, 0x7c, 0xf8, 0x7c, 0x01, 0xf0, 0x3e, 0x00, 0x01, 0xf0, 0x7c, 0x00, 0x01,
    0xf0, 0x7c, 0x00, 0x01, 0xf0, 0x7c, 0x00, 0x01, 0xf0, 0x7c, 0x00, 0x01, 0xf0, 0x7c, 0x00, 0x03, 0xf0, 0xfc, 0x00, 0x3f,
    0xff, 0xff, 0x80, 0x3f, 0xff, 0xff, 0x80, 0x3f, 0xff, 0xff, 0x80, 0x3f, 0xff, 0xff, 0x80, 0x3f, 0xff, 0xff, 0x80, 0x07,
    0xc0, 0xf8, 0x00, 0x07, 0xc1, 0xf0, 0x00, 0x07, 0xc1, 0xf0, 0x00, 0x07, 0xc1, 0xf0, 0x00, 0x07, 0xc1, 0xf0, 0x00, 0x7f,
    0xff, 0xff, 0x00, 0x7f, 0xff, 0xff, 0x00, 0xff, 0xff, 0xfe, 0x00, 0xff, 0xff, 0xfe, 0x00, 0xff, 0xff, 0xfe, 0x00, 0x1f,
    0x83, 0xe0, 0x00, 0x0f, 0x83, 0xe0, 0x00, 0x1f, 0x03, 0xe0, 0x00, 0x1f, 0x07, 0xe0, 0x00, 0x1f, 0x07, 0xc0, 0x00, 0x1f,
    0x07, 0xc0, 0x00, 0x1f, 0x07, 0xc0, 0x00, 0x00, 0x3c, 0x00, 0x00, 0x3c, 0x00, 0x00, 0x3c, 0x00, 0x00, 0x3c, 0x00, 0x00,
    0x3c, 0x00, 0x00, 0xff, 0x00, 0x03, 0xff, 0xe0, 0x0f, 0xff, 0xf0, 0x1f, 0xff, 0xf8, 0x3f, 0xff, 0xfc, 0x3f, 0xff, 0xfe,
    0x7f, 0xbc, 0xfe, 0x7f, 0x3c, 0xfe, 0x7f, 0x3c, 0x7e, 0x7f, 0x3c, 0x00, 0x7f, 0xfc, 0x00, 0x3f, 0xfc, 0x00, 0x3f, 0xff,
    0xc0, 0x1f, 0xff, 0xf0, 0x0f, 0xff, 0xfc, 0x07, 0xff, 0xfe, 0x00, 0xff, 0xfe, 0x00, 0x3f, 0xff, 0x00, 0x3c, 0xff, 0xfe,
    0x3c, 0x7f, 0xfe, 0x3c, 0x7f, 0xfe, 0x3c, 0x7f, 0xff, 0x3c, 0xff, 0x7f, 0xff, 0xfe, 0x7f, 0xff, 0xfe, 0x3f, 0xff, 0xfc,
    0x1f, 0xff, 0xf8, 0x07, 0xff, 0xe0, 0x01, 0xff, 0x80, 0x00, 0x3c, 0x00, 0x00, 0x3c, 0x00, 0x00, 0x3c, 0x00, 0x00, 0x3c,
    0x00, 0x0f, 0xc0, 0x00, 0x78, 0x00, 0x3f, 0xf0, 0x00, 0xf0, 0x00, 0x7f, 0xf8, 0x01, 0xe0, 0x00, 0x7f, 0xf8, 0x01, 0xc0,
    0x00, 0xfc, 0xfc, 0x03, 0xc0, 0x00, 0xf8, 0x7c, 0x07, 0x80, 0x00, 0xf8, 0x7c, 0x07, 0x00, 0x00, 0xf8, 0x7c, 0x0f, 0x00,
    0x00, 0xf8, 0x7c, 0x1e, 0x00, 0x00, 0xfc, 0xfc, 0x3c, 0x00, 0x00, 0x7f, 0xf8, 0x3c, 0x00, 0x00, 0x7f, 0xf8, 0x78, 0x00,
    0x00, 0x3f, 0xf0, 0xf0, 0x00, 0x00, 0x0f, 0xc0, 0xf0, 0x00, 0x00, 0x00, 0x01, 0xe0, 0xfc, 0x00, 0x00, 0x03, 0xc1, 0xfe,
    0x00, 0x00, 0x03, 0xc3, 0xff, 0x00, 0x00, 0x07, 0x87, 0xff, 0x80, 0x00, 0x0f, 0x0f, 0xcf, 0xc0, 0x00, 0x0e, 0x0f, 0x87,
    0xc0, 0x00, 0x1e, 0x0f, 0x87, 0xc0, 0x00, 0x3c, 0x0f, 0x87, 0xc0, 0x00, 0x38, 0x0f, 0x87, 0xc0, 0x00, 0x78, 0x0f, 0x87,
    0xc0, 0x00, 0xf0, 0x0f, 0xcf, 0xc0, 0x01, 0xe0, 0x07, 0xff, 0x80, 0x01, 0xe0, 0x03, 0xff, 0x00, 0x03, 0xc0, 0x01, 0xfe,
    0x00, 0x07, 0x80, 0x00, 0xfc, 0x00, 0x01, 0xf8, 0x00, 0x00, 0x07, 0xfe, 0x00, 0x00, 0x0f, 0xff, 0x00, 0x00, 0x1f, 0xff,
    0x80, 0x00, 0x1f, 0xff, 0xc0, 0x00, 0x3f, 0xdf, 0xc0, 0x00, 0x3f, 0x07, 0xc0, 0x00, 0x3f, 0x07, 0xc0, 0x00, 0x3f, 0x07,
    0xc0, 0x00, 0x3f, 0x8f, 0x80, 0x00, 0x1f, 0xbf, 0x80, 0x00, 0x1f, 0xff, 0x00, 0x00, 0x0f, 0xfe, 0x00, 0x00, 0x0f, 0xfc,
    0x00, 0x00, 0x0f, 0xf8, 0x3f, 0x00, 0x1f, 0xf8, 0x3f, 0x00, 0x3f, 0xfc, 0x3f, 0x00, 0x7f, 0xfe, 0x7f, 0x00, 0x7f, 0x7f,
    0x7f, 0x00, 0xfe, 0x7f, 0xfe, 0x00, 0xfe, 0x3f, 0xfe, 0x00, 0xfe, 0x1f, 0xfc, 0x00, 0xff, 0x0f, 0xfc, 0x00, 0xff, 0x9f,
    0xf8, 0x00, 0x7f, 0xff, 0xfc, 0x00, 0x3f, 0xff, 0xfe, 0x00, 0x3f, 0xff, 0xfe, 0x00, 0x0f, 0xff, 0x7f, 0x00, 0x03, 0xf8,
    0x3f, 0x80, 0xf8, 0xf8, 0xf8, 0xf8, 0xf8, 0xf8, 0xf8, 0xf8, 0xf8, 0xf8, 0xf8, 0x0f, 0xe0, 0x0f, 0xc0, 0x1f, 0xc0, 0x1f,
    0xc0, 0x3f, 0x80, 0x3f, 0x80, 0x3f, 0x80, 0x3f, 0x00, 0x7f, 0x00, 0x7f, 0x00, 0x7f, 0x00, 0x7f, 0x00, 0xfe, 0x00, 0xfe,
    0x00, 0xfe, 0x00, 0xfe, 0x00, 0xfe, 0x00, 0xfe, 0x00, 0xfe, 0x00, 0xfe, 0x00, 0xfe, 0x00, 0xfe, 0x00, 0xfe, 0x00, 0xfe,
    0x00, 0xfe, 0x00, 0x7f, 0x00, 0x7f, 0x00, 0x7f, 0x00, 0x7f, 0x00, 0x3f, 0x80, 0x3f, 0x80, 0x3f, 0x80, 0x1f, 0xc0, 0x1f,
    0xc0, 0x0f, 0xc0, 0x0f, 0xe0, 0xfe, 0x00, 0xfe, 0x00, 0x7f, 0x00, 0x7f, 0x00, 0x3f, 0x00, 0x3f, 0x80, 0x3f, 0x80, 0x3f,
    0x80, 0x1f, 0xc0, 0x1f, 0xc0, 0x1f, 0xc0, 0x1f, 0xc0, 0x1f, 0xc0, 0x0f, 0xc0, 0x0f, 0xe0, 0x0f, 0xe0, 0x0f, 0xe0, 0x0f,
    0xe0, 0x0f, 0xe0, 0x0f, 0xe0, 0x0f, 0xe0, 0x0f, 0xe0, 0x0f, 0xe0, 0x0f, 0xe0, 0x1f, 0xc0, 0x1f, 0xc0, 0x1f, 0xc0, 0x1f,
    0xc0, 0x1f, 0xc0, 0x3f, 0x80, 0x3f, 0x80, 0x3f, 0x80, 0x7f, 0x00, 0x7f, 0x00, 0xfe, 0x00, 0xfe, 0x00, 0x03, 0xc0, 0x03,
    0xc0, 0x23, 0xc0, 0x73, 0xce, 0x7f, 0xdf, 0xff, 0xff, 0x3f, 0xfe, 0x0f, 0xf8, 0x0f, 0xf8, 0x3f, 0xfe, 0xff, 0xff, 0x7f,
    0xdf, 0x73, 0xce, 0x23, 0xc0, 0x03, 0xc0, 0x03, 0xc0, 0x00, 0xfc, 0x00, 0x00, 0xfc, 0x00, 0x00, 0xfc, 0x00, 0x00, 0xfc,
    0x00, 0x00, 0xfc, 0x00, 0x00, 0xfc, 0x00, 0x00, 0xfc, 0x00, 0x00, 0xfc, 0x00, 0xff, 0xff, 0xf8, 0xff, 0xff, 0xf8, 0xff,
    0xff, 0xf8, 0xff, 0xff, 0xf8, 0xff, 0xff, 0xf8, 0x00, 0xfc, 0x00, 0x00, 0xfc, 0x00, 0x00, 0xfc, 0x00, 0x00, 0xfc, 0x00,
    0x00, 0xfc, 0x00, 0x00, 0xfc, 0x00, 0x00, 0xfc, 0x00, 0x00, 0xfc, 0x00, 0x7e, 0x7e, 0x7e, 0x7e, 0x7c, 0xfc, 0xfc, 0xf8,
    0xf8, 0xf8, 0xf8, 0xff, 0xf8, 0xff, 0xf8, 0xff, 0xf8, 0xff, 0xf8, 0xff, 0xf8, 0x38, 0x7c, 0xfe, 0xfe, 0xfe, 0x7c, 0x38,
    0x00, 0x3e, 0x00, 0x7e, 0x00, 0x7e, 0x00, 0x7c, 0x00, 0xfc, 0x00, 0xfc, 0x00, 0xfc, 0x01, 0xf8, 0x01, 0xf8, 0x01, 0xf8,
    0x01, 0xf0, 0x03, 0xf0, 0x03, 0xf0, 0x03, 0xf0, 0x03, 0xe0, 0x07, 0xe0, 0x07, 0xe0, 0x07, 0xe0, 0x0f, 0xc0, 0x0f, 0xc0,
    0x0f, 0xc0, 0x0f, 0x80, 0x1f, 0x80, 0x1f, 0x80, 0x1f, 0x80, 0x1f, 0x00, 0x3f, 0x00, 0x3f, 0x00, 0x3f, 0x00, 0x7e, 0x00,
    0x7e, 0x00, 0x7e, 0x00, 0x7c, 0x00, 0xfc, 0x00, 0xfc, 0x00, 0x00, 0x7f, 0x00, 0x00, 0x03, 0xff, 0xe0, 0x00, 0x07, 0xff,
    0xf0, 0x00, 0x0f, 0xff, 0xf8, 0x00, 0x1f, 0xff, 0xfc, 0x00, 0x3f, 0xe3, 0xfe, 0x00, 0x3f, 0x81, 0xfe, 0x00, 0x7f, 0x80,
    0xff, 0x00, 0x7f, 0x00, 0x7f, 0x00, 0x7f, 0x00, 0x7f, 0x00, 0xfe, 0x00, 0x3f, 0x00, 0xfe, 0x00, 0x3f, 0x80, 0xfe, 0x00,
    0x3f, 0x80, 0xfe, 0x00, 0x3f, 0x80, 0xfe, 0x00, 0x3f, 0x80, 0xfe, 0x00, 0x3f, 0x80, 0xfe, 0x00, 0x3f, 0x80, 0xfe, 0x00,
    0x3f, 0x80, 0xfe, 0x00, 0x3f, 0x00, 0x7f, 0x00, 0x7f, 0x00, 0x7f, 0x00, 0x7f, 0x00, 0x7f, 0x80, 0xff, 0x00, 0x3f, 0x81,
    0xfe, 0x00, 0x3f, 0xe3, 0xfe, 0x00, 0x1f, 0xff, 0xfc, 0x00, 0x0f, 0xff, 0xf8, 0x00, 0x07, 0xff, 0xf0, 0x00, 0x03, 0xff,
    0xe0, 0x00, 0x00, 0x7f, 0x00, 0x00, 0x01, 0xfc, 0x07, 0xfc, 0x0f, 0xfc, 0x3f, 0xfc, 0x7f, 0xfc, 0xff, 0xfc, 0xff, 0xfc,
    0xf9, 0xfc, 0xf1, 0xfc, 0xc1, 0xfc, 0x01, 0xfc, 0x01, 0xfc, 0x01, 0xfc, 0x01, 0xfc, 0x01, 0xfc, 0x01, 0xfc, 0x01, 0xfc,
    0x01, 0xfc, 0x01, 0xfc, 0x01, 0xfc, 0x01, 0xfc, 0x01, 0xfc, 0x01, 0xfc, 0x01, 0xfc, 0x01, 0xfc, 0x01, 0xfc, 0x01, 0xfc,
    0x01, 0xfc, 0x01, 0xfc, 0x01, 0xfe, 0x00, 0x07, 0xff, 0x80, 0x1f, 0xff, 0xe0, 0x3f, 0xff, 0xf0, 0x3f, 0xff, 0xf8, 0x7f,
    0xcf, 0xf8, 0x7f, 0x03, 0xf8, 0xfe, 0x01, 0xfc, 0xfe, 0x01, 0xfc, 0xfe, 0x01, 0xfc, 0x7c, 0x01, 0xfc, 0x00, 0x03, 0xf8,
    0x00, 0x03, 0xf8, 0x00, 0x07, 0xf8, 0x00, 0x0f, 0xf0, 0x00, 0x1f, 0xe0, 0x00, 0x7f, 0xc0, 0x00, 0xff, 0x80, 0x01, 0xff,
    0x00, 0x03, 0xfe, 0x00, 0x0f, 0xfc, 0x00, 0x1f, 0xf8, 0x00, 0x3f, 0xe0, 0x00, 0x7f, 0xe0, 0x00, 0xff, 0xff, 0xfc, 0xff,
    0xff, 0xfc, 0xff, 0xff, 0xfc, 0xff, 0xff, 0xfc, 0xff, 0xff, 0xfc, 0x01, 0xfe, 0x00, 0x07, 0xff, 0xc0, 0x1f, 0xff, 0xf0,
    0x3f, 0xff, 0xf8, 0x7f, 0xff, 0xf8, 0x7f, 0xc7, 0xfc, 0xff, 0x03, 0xfc, 0xfe, 0x01, 0xfc, 0x7e, 0x01, 0xfc, 0x00, 0x01,
    0xfc, 0x00, 0x07, 0xf8, 0x00, 0xff, 0xf0, 0x00, 0xff, 0xe0, 0x00, 0xff, 0xc0, 0x00, 0xff, 0xf0, 0x00, 0xff, 0xf8, 0x00,
    0x0f, 0xfc, 0x00, 0x01, 0xfc, 0x00, 0x00, 0xfe, 0xfe, 0x00, 0xfe, 0xfe, 0x00, 0xfe, 0xfe, 0x00, 0xfe, 0x7f, 0x01, 0xfc,
    0x7f, 0xc7, 0xfc, 0x3f, 0xff, 0xfc, 0x3f, 0xff, 0xf8, 0x1f, 0xff, 0xf0, 0x07, 0xff, 0xc0, 0x01, 0xfe, 0x00, 0x00, 0x07,
    0xfc, 0x00, 0x00, 0x0f, 0xfc, 0x00, 0x00, 0x1f, 0xfc, 0x00, 0x00, 0x3f, 0xfc, 0x00, 0x00, 0x3f, 0xfc, 0x00, 0x00, 0x7f,
    0xfc, 0x00, 0x00, 0xff, 0xfc, 0x00, 0x00, 0xfd, 0xfc, 0x00, 0x01, 0xf9, 0xfc, 0x00, 0x03, 0xf9, 0xfc, 0x00, 0x03, 0xf1,
    0xfc, 0x00, 0x07, 0xe1, 0xfc, 0x00, 0x0f, 0xe1, 0xfc, 0x00, 0x1f, 0xc1, 0xfc, 0x00, 0x1f, 0x81, 0xfc, 0x00, 0x3f, 0x81,
    0xfc, 0x00, 0x7f, 0x01, 0xfc, 0x00, 0x7f, 0x01, 0xfc, 0x00, 0xff, 0xff, 0xff, 0x80, 0xff, 0xff, 0xff, 0x80, 0xff, 0xff,
    0xff, 0x80, 0xff, 0xff, 0xff, 0x80, 0xff, 0xff, 0xff, 0x80, 0x00, 0x01, 0xfc, 0x00, 0x00, 0x01, 0xfc, 0x00, 0x00, 0x01,
    0xfc, 0x00, 0x00, 0x01, 0xfc, 0x00, 0x00, 0x01, 0xfc, 0x00, 0x00, 0x01, 0xfc, 0x00, 0x7f, 0xff, 0xf8, 0x7f, 0xff, 0xf8,
    0x7f, 0xff, 0xf8, 0x7f, 0xff, 0xf8, 0x7f, 0xff, 0xf8, 0x7f, 0x00, 0x00, 0x7f, 0x00, 0x00, 0x7f, 0x00, 0x00, 0x7e, 0x00,
    0x00, 0x7e, 0x7f, 0x80, 0x7f, 0xff, 0xe0, 0x7f, 0xff, 0xf0, 0x7f, 0xff, 0xf8, 0x7f, 0xff, 0xf8, 0x7f, 0x83, 0xfc, 0x7f,
    0x01, 0xfc, 0x7e, 0x01, 0xfe, 0x00, 0x00, 0xfe, 0x00, 0x00, 0xfe, 0xfc, 0x00, 0xfe, 0xfe, 0x00, 0xfe, 0xfe, 0x01, 0xfc,
    0xff, 0x01, 0xfc, 0x7f, 0xc7, 0xfc, 0x7f, 0xff, 0xf8, 0x3f, 0xff, 0xf0, 0x1f, 0xff, 0xe0, 0x07, 0xff, 0xc0, 0x01, 0xfe,
    0x00, 0x00, 0xff, 0x00, 0x03, 0xff, 0xc0, 0x07, 0xff, 0xf0, 0x0f, 0xff, 0xf8, 0x1f, 0xff, 0xf8, 0x3f, 0xe7, 0xfc, 0x3f,
    0x81, 0xfc, 0x7f, 0x00, 0xfc, 0x7e, 0x00, 0x00, 0x7e, 0x3f, 0x80, 0xfe, 0x7f, 0xe0, 0xfe, 0xff, 0xf0, 0xff, 0xff, 0xf8,
    0xff, 0xff, 0xfc, 0xff, 0xe7, 0xfc, 0xff, 0x81, 0xfc, 0xff, 0x00, 0xfe, 0xff, 0x00, 0xfe, 0xff, 0x00, 0xfe, 0xff, 0x00,
    0xfe, 0x7f, 0x00, 0xfe, 0x7f, 0x00, 0xfe, 0x7f, 0x81, 0xfc, 0x3f, 0xe7, 0xfc, 0x1f, 0xff, 0xf8, 0x1f, 0xff, 0xf8, 0x0f,
    0xff, 0xf0, 0x03, 0xff, 0xc0, 0x00, 0xff, 0x00, 0xff, 0xff, 0xf8, 0xff, 0xff, 0xf8, 0xff, 0xff, 0xf8, 0xff, 0xff, 0xf8,
    0xff, 0xff, 0xf8, 0x00, 0x07, 0xf8, 0x00, 0x07, 0xf0, 0x00, 0x07, 0xf0, 0x00, 0x0f, 0xe0, 0x00, 0x0f, 0xe0, 0x00, 0x1f,
    0xc0, 0x00, 0x1f, 0xc0, 0x00, 0x3f, 0x80, 0x00, 0x3f, 0x80, 0x00, 0x7f, 0x00, 0x00, 0x7f, 0x00, 0x00, 0xfe, 0x00, 0x00,
    0xfe, 0x00, 0x01, 0xfc, 0x00, 0x01, 0xfc, 0x00, 0x03, 0xf8, 0x00, 0x03, 0xf8, 0x00, 0x07, 0xf0, 0x00, 0x07, 0xf0, 0x00,
    0x0f, 0xe0, 0x00, 0x0f, 0xe0, 0x00, 0x1f, 0xc0, 0x00, 0x1f, 0xc0, 0x00, 0x3f, 0x80, 0x00, 0x00, 0xff, 0x00, 0x07, 0xff,
    0xc0, 0x1f, 0xff, 0xf0, 0x3f, 0xff, 0xf8, 0x3f, 0xff, 0xf8, 0x7f, 0xc7, 0xfc, 0x7f, 0x01, 0xfc, 0x7f, 0x01, 0xfc, 0x7f,
    0x01, 0xfc, 0x7f, 0x01, 0xfc, 0x3f, 0x83, 0xf8, 0x1f, 0xff, 0xf0, 0x0f, 0xff, 0xe0, 0x03, 0xff, 0x80, 0x0f, 0xff, 0xe0,
    0x3f, 0xff, 0xf8, 0x7f, 0xc7, 0xfc, 0x7f, 0x01, 0xfc, 0xfe, 0x00, 0xfe, 0xfe, 0x00, 0xfe, 0xfe, 0x00, 0xfe, 0xfe, 0x00,
    0xfe, 0xff, 0x01, 0xfe, 0x7f, 0xc7, 0xfc, 0x7f, 0xff, 0xfc, 0x3f, 0xff, 0xf8, 0x1f, 0xff, 0xf0, 0x0f, 0xff, 0xe0, 0x01,
    0xff, 0x00, 0x01, 0xfe, 0x00, 0x07, 0xff, 0x80, 0x1f, 0xff, 0xe0, 0x3f, 0xff, 0xf0, 0x3f, 0xff, 0xf0, 0x7f, 0xcf, 0xf8,
    0x7f, 0x03, 0xfc, 0xfe, 0x01, 0xfc, 0xfe, 0x01, 0xfc, 0xfe, 0x01, 0xfe, 0xfe, 0x01, 0xfe, 0xfe, 0x01, 0xfe, 0xff, 0x03,
    0xfe, 0x7f, 0xcf, 0xfe, 0x7f, 0xff, 0xfe, 0x3f, 0xff, 0xfe, 0x1f, 0xfe, 0xfe, 0x0f, 0xfc, 0xfe, 0x03, 0xf8, 0xfe, 0x00,
    0x00, 0xfc, 0x7e, 0x01, 0xfc, 0xfe, 0x01, 0xfc, 0x7f, 0x03, 0xf8, 0x7f, 0xcf, 0xf8, 0x3f, 0xff, 0xf0, 0x1f, 0xff, 0xe0,
    0x0f, 0xff, 0xc0, 0x07, 0xff, 0x80, 0x01, 0xfe, 0x00, 0x38, 0x7c, 0xfe, 0xfe, 0xfe, 0x7c, 0x38, 0x00, 0x00, 0x00, 0x00,
    0x00, 0x00, 0x38, 0x7c, 0xfe, 0xfe, 0xfe, 0x7c, 0x38, 0x1c, 0x3e, 0x7f, 0x7f, 0x7f, 0x3e, 0x1c, 0x00, 0x00, 0x00, 0x00,
    0x00, 0x00, 0x00, 0x00, 0x3e, 0x7e, 0x7e, 0x7e, 0x7c, 0x7c, 0x7c, 0x7c, 0x78, 0x78, 0xf8, 0x00, 0x00, 0x18, 0x00, 0x00,
    0x78, 0x00, 0x03, 0xf8, 0x00, 0x0f, 0xf8, 0x00, 0x7f, 0xf8, 0x01, 0xff, 0xf8, 0x07, 0xff, 0xf0, 0x3f, 0xff, 0x80, 0xff,
    0xfc, 0x00, 0xff, 0xf0, 0x00, 0xff, 0x80, 0x00, 0xff, 0x00, 0x00, 0xff, 0xc0, 0x00, 0xff, 0xf0, 0x00, 0x7f, 0xfe, 0x00,
    0x1f, 0xff, 0xc0, 0x07, 0xff, 0xf0, 0x00, 0xff, 0xf8, 0x00, 0x3f, 0xf8, 0x00, 0x07, 0xf8, 0x00, 0x01, 0xf8, 0x00, 0x00,
    0x78, 0xff, 0xff, 0xf0, 0xff, 0xff, 0xf0, 0xff, 0xff, 0xf0, 0xff, 0xff, 0xf0, 0xff, 0xff, 0xf0, 0x00, 0x00, 0x00, 0x00,
    0x00, 0x00, 0x00, 0x00, 0x00, 0x00, 0x00, 0x00, 0x00, 0x00, 0x00, 0xff, 0xff, 0xf0, 0xff, 0xff, 0xf0, 0xff, 0xff, 0xf0,
    0xff, 0xff, 0xf0, 0xff, 0xff, 0xf0, 0xc0, 0x00, 0x00, 0xf0, 0x00, 0x00, 0xfc, 0x00, 0x00, 0xff, 0x80, 0x00, 0xff, 0xe0,
    0x00, 0xff, 0xf8, 0x00, 0x7f, 0xff, 0x00, 0x0f, 0xff, 0xc0, 0x03, 0xff, 0xf0, 0x00, 0x7f, 0xf8, 0x00, 0x1f, 0xf8, 0x00,
    0x07, 0xf8, 0x00, 0x1f, 0xf8, 0x00, 0xff, 0xf8, 0x07, 0xff, 0xf0, 0x1f, 0xff, 0x80, 0xff, 0xfe, 0x00, 0xff, 0xf8, 0x00,
    0xff, 0xc0, 0x00, 0xff, 0x00, 0x00, 0xfc, 0x00, 0x00, 0xe0, 0x00, 0x00, 0x80, 0x00, 0x00, 0x01, 0xfc, 0x00, 0x0f, 0xff,
    0x80, 0x1f, 0xff, 0xc0, 0x3f, 0xff, 0xe0, 0x7f, 0xff, 0xf0, 0x7f, 0x8f, 0xf0, 0xff, 0x07, 0xf8, 0xfe, 0x03, 0xf8, 0xfe,
    0x03, 0xf8, 0x00, 0x03, 0xf8, 0x00, 0x07, 0xf0, 0x00, 0x0f, 0xf0, 0x00, 0x1f, 0xe0, 0x00, 0x7f, 0xc0, 0x00, 0xff, 0x80,
    0x00, 0xff, 0x00, 0x01, 0xfc, 0x00, 0x01, 0xfc, 0x00, 0x01, 0xf8, 0x00, 0x01, 0xf8, 0x00, 0x00, 0x00, 0x00, 0x00, 0x00,
    0x00, 0x00, 0xe0, 0x00, 0x01, 0xf0, 0x00, 0x03, 0xf8, 0x00, 0x03, 0xf8, 0x00, 0x03, 0xf8, 0x00, 0x01, 0xf0, 0x00, 0x00,
    0xe0, 0x00, 0x00, 0x01, 0xff, 0x80, 0x00, 0x00, 0x1f, 0xff, 0xf0, 0x00, 0x00, 0x7f, 0xff, 0xfe, 0x00, 0x00, 0xff, 0xff,
    0xff, 0x00, 0x03, 0xff, 0xff, 0xff, 0x80, 0x07, 0xff, 0xc3, 0xff, 0xc0, 0x0f, 0xfc, 0x00, 0x3f, 0xe0, 0x1f, 0xf0, 0x00,
    0x0f, 0xf0, 0x1f, 0xc1, 0xf8, 0xf7, 0xf8, 0x3f, 0x87, 0xfd, 0xf3, 0xf8, 0x3f, 0x8f, 0xff, 0xf1, 0xfc, 0x7f, 0x1f, 0xff,
    0xf0, 0xfc, 0x7e, 0x3f, 0xff, 0xf0, 0xfc, 0x7e, 0x3f, 0x8f, 0xf0, 0xfe, 0xfe, 0x3e, 0x03, 0xf0, 0x7e, 0xfc, 0x7e, 0x03,
    0xf0, 0x7e, 0xfc, 0x7c, 0x01, 0xf0, 0x7e, 0xfc, 0x7c, 0x01, 0xf0, 0x7e, 0xfc, 0x7c, 0x01, 0xf0, 0x7e, 0xfc, 0x7c, 0x01,
    0xf0, 0x7e, 0xfc, 0x7c, 0x01, 0xf0, 0x7e, 0xfc, 0x7e, 0x03, 0xf0, 0xfe, 0xfc, 0x3e, 0x03, 0xf0, 0xfc, 0xfe, 0x3f, 0x8f,
    0xfb, 0xfc, 0x7e, 0x3f, 0xff, 0xff, 0xf8, 0x7e, 0x1f, 0xff, 0xff, 0xf8, 0x7f, 0x0f, 0xfe, 0xff, 0xf0, 0x3f, 0x87, 0xfc,
    0x7f, 0xe0, 0x3f, 0x81, 0xf8, 0x1f, 0x80, 0x1f, 0xc0, 0x00, 0x00, 0x00, 0x1f, 0xf0, 0x00, 0x00, 0x00, 0x0f, 0xfc, 0x00,
    0x30, 0x00, 0x07, 0xff, 0xc3, 0xf0, 0x00, 0x03, 0xff, 0xff, 0xf8, 0x00, 0x01, 0xff, 0xff, 0xf8, 0x00, 0x00, 0x7f, 0xff,
    0xfc, 0x00, 0x00, 0x1f, 0xff, 0xf0, 0x00, 0x00, 0x01, 0xff, 0x80, 0x00, 0x00, 0x3f, 0xf0, 0x00, 0x00, 0x3f, 0xf0, 0x00,
    0x00, 0x7f, 0xf8, 0x00, 0x00, 0x7f, 0xf8, 0x00, 0x00, 0x7f, 0xf8, 0x00, 0x00, 0xff, 0xfc, 0x00, 0x00, 0xff, 0xfc, 0x00,
    0x00, 0xff, 0xfc, 0x00, 0x01, 0xfc, 0xfe, 0x00, 0x01, 0xfc, 0xfe, 0x00, 0x01, 0xfc, 0xfe, 0x00, 0x03, 0xf8, 0xff, 0x00,
    0x03, 0xf8, 0x7f, 0x00, 0x03, 0xf8, 0x7f, 0x00, 0x07, 0xf8, 0x7f, 0x80, 0x07, 0xf0, 0x3f, 0x80, 0x0f, 0xf0, 0x3f, 0xc0,
    0x0f, 0xf0, 0x3f, 0xc0, 0x0f, 0xff, 0xff, 0xc0, 0x1f, 0xff, 0xff, 0xe0, 0x1f, 0xff, 0xff, 0xe0, 0x1f, 0xff, 0xff, 0xe0,
    0x3f, 0xff, 0xff, 0xf0, 0x3f, 0xc0, 0x0f, 0xf0, 0x3f, 0x80, 0x07, 0xf0, 0x7f, 0x80, 0x07, 0xf8, 0x7f, 0x80, 0x07, 0xf8,
    0x7f, 0x00, 0x07, 0xf8, 0xff, 0x00, 0x03, 0xfc, 0xff, 0xff, 0x00, 0xff, 0xff, 0xe0, 0xff, 0xff, 0xf0, 0xff, 0xff, 0xf8,
    0xff, 0xff, 0xf8, 0xfe, 0x07, 0xfc, 0xfe, 0x03, 0xfc, 0xfe, 0x01, 0xfc, 0xfe, 0x01, 0xfc, 0xfe, 0x01, 0xfc, 0xfe, 0x03,
    0xf8, 0xfe, 0x07, 0xf8, 0xff, 0xff, 0xf0, 0xff, 0xff, 0xc0, 0xff, 0xff, 0xe0, 0xff, 0xff, 0xf8, 0xff, 0xff, 0xfc, 0xfe,
    0x03, 0xfc, 0xfe, 0x00, 0xfe, 0xfe, 0x00, 0xfe, 0xfe, 0x00, 0xfe, 0xfe, 0x00, 0xfe, 0xfe, 0x01, 0xfe, 0xfe, 0x07, 0xfe,
    0xff, 0xff, 0xfc, 0xff, 0xff, 0xfc, 0xff, 0xff, 0xf8, 0xff, 0xff, 0xe0, 0xff, 0xff, 0x80, 0x00, 0x3f, 0xc0, 0x00, 0x01,
    0xff, 0xf0, 0x00, 0x03, 0xff, 0xfc, 0x00, 0x0f, 0xff, 0xfe, 0x00, 0x1f, 0xff, 0xff, 0x00, 0x1f, 0xff, 0xff, 0x80, 0x3f,
    0xe0, 0xff, 0xc0, 0x7f, 0xc0, 0x3f, 0xc0, 0x7f, 0x80, 0x1f, 0xc0, 0x7f, 0x00, 0x1f, 0xe0, 0xfe, 0x00, 0x0f, 0xe0, 0xfe,
    0x00, 0x00, 0x00, 0xfe, 0x00, 0x00, 0x00, 0xfe, 0x00, 0x00, 0x00, 0xfe, 0x00, 0x00, 0x00, 0xfe, 0x00, 0x00, 0x00, 0xfe,
    0x00, 0x00, 0x00, 0xfe, 0x00, 0x00, 0x00, 0xfe, 0x00, 0x0f, 0xe0, 0x7f, 0x00, 0x1f, 0xe0, 0x7f, 0x80, 0x1f, 0xc0, 0x7f,
    0x80, 0x3f, 0xc0, 0x3f, 0xe0, 0xff, 0xc0, 0x1f, 0xff, 0xff, 0x80, 0x1f, 0xff, 0xff, 0x00, 0x0f, 0xff, 0xfe, 0x00, 0x03,
    0xff, 0xfc, 0x00, 0x01, 0xff, 0xf0, 0x00, 0x00, 0x3f, 0xc0, 0x00, 0xff, 0xfe, 0x00, 0x00, 0xff, 0xff, 0xc0, 0x00, 0xff,
    0xff, 0xe0, 0x00, 0xff, 0xff, 0xf8, 0x00, 0xff, 0xff, 0xfc, 0x00, 0xfe, 0x0f, 0xfc, 0x00, 0xfe, 0x01, 0xfe, 0x00, 0xfe,
    0x00, 0xff, 0x00, 0xfe, 0x00, 0x7f, 0x00, 0xfe, 0x00, 0x7f, 0x00, 0xfe, 0x00, 0x3f, 0x80, 0xfe, 0x00, 0x3f, 0x80, 0xfe,
    0x00, 0x3f, 0x80, 0xfe, 0x00, 0x3f, 0x80, 0xfe, 0x00, 0x3f, 0x80, 0xfe, 0x00, 0x3f, 0x80, 0xfe, 0x00, 0x3f, 0x80, 0xfe,
    0x00, 0x3f, 0x80, 0xfe, 0x00, 0x3f, 0x80, 0xfe, 0x00, 0x7f, 0x00, 0xfe, 0x00, 0x7f, 0x00, 0xfe, 0x00, 0xff, 0x00, 0xfe,
    0x01, 0xfe, 0x00, 0xfe, 0x0f, 0xfc, 0x00, 0xff, 0xff, 0xfc, 0x00, 0xff, 0xff, 0xf8, 0x00, 0xff, 0xff, 0xe0, 0x00, 0xff,
    0xff, 0xc0, 0x00, 0xff, 0xfe, 0x00, 0x00, 0xff, 0xff, 0xfc, 0xff, 0xff, 0xfc, 0xff, 0xff, 0xfc, 0xff, 0xff, 0xfc, 0xff,
    0xff, 0xfc, 0xff, 0xff, 0xfc, 0xfe, 0x00, 0x00, 0xfe, 0x00, 0x00, 0xfe, 0x00, 0x00, 0xfe, 0x00, 0x00, 0xfe, 0x00, 0x00,
    0xfe, 0x00, 0x00, 0xff, 0xff, 0xf8, 0xff, 0xff, 0xf8, 0xff, 0xff, 0xf8, 0xff, 0xff, 0xf8, 0xff, 0xff, 0xf8, 0xfe, 0x00,
    0x00, 0xfe, 0x00, 0x00, 0xfe, 0x00, 0x00, 0xfe, 0x00, 0x00, 0xfe, 0x00, 0x00, 0xfe, 0x00, 0x00, 0xff, 0xff, 0xfc, 0xff,
    0xff, 0xfc, 0xff, 0xff, 0xfc, 0xff, 0xff, 0xfc, 0xff, 0xff, 0xfc, 0xff, 0xff, 0xfc, 0xff, 0xff, 0xf8, 0xff, 0xff, 0xf8,
    0xff, 0xff, 0xf8, 0xff, 0xff, 0xf8, 0xff, 0xff, 0xf8, 0xff, 0xff, 0xf8, 0xfe, 0x00, 0x00, 0xfe, 0x00, 0x00, 0xfe, 0x00,
    0x00, 0xfe, 0x00, 0x00, 0xfe, 0x00, 0x00, 0xfe, 0x00, 0x00, 0xfe, 0x00, 0x00, 0xff, 0xff, 0xf0, 0xff, 0xff, 0xf0, 0xff,
    0xff, 0xf0, 0xff, 0xff, 0xf0, 0xff, 0xff, 0xf0, 0xfe, 0x00, 0x00, 0xfe, 0x00, 0x00, 0xfe, 0x00, 0x00, 0xfe, 0x00, 0x00,
    0xfe, 0x00, 0x00, 0xfe, 0x00, 0x00, 0xfe, 0x00, 0x00, 0xfe, 0x00, 0x00, 0xfe, 0x00, 0x00, 0xfe, 0x00, 0x00, 0xfe, 0x00,
    0x00, 0x00, 0x3f, 0xc0, 0x00, 0x01, 0xff, 0xf8, 0x00, 0x03, 0xff, 0xfc, 0x00, 0x0f, 0xff, 0xff, 0x00, 0x1f, 0xff, 0xff,
    0x80, 0x1f, 0xff, 0xff, 0x80, 0x3f, 0xe0, 0x7f, 0xc0, 0x7f, 0xc0, 0x3f, 0xc0, 0x7f, 0x80, 0x1f, 0xe0, 0x7f, 0x00, 0x0f,
    0xe0, 0xfe, 0x00, 0x00, 0x00, 0xfe, 0x00, 0x00, 0x00, 0xfe, 0x00, 0x00, 0x00, 0xfe, 0x03, 0xff, 0xe0, 0xfe, 0x03, 0xff,
    0xe0, 0xfe, 0x03, 0xff, 0xe0, 0xfe, 0x03, 0xff, 0xe0, 0xfe, 0x03, 0xff, 0xe0, 0xfe, 0x00, 0x0f, 0xe0, 0x7f, 0x00, 0x0f,
    0xe0, 0x7f, 0x80, 0x1f, 0xc0, 0x7f, 0xc0, 0x1f, 0xc0, 0x3f, 0xe0, 0x7f, 0xc0, 0x1f, 0xff, 0xff, 0x80, 0x1f, 0xff, 0xff,
    0x00, 0x0f, 0xff, 0xfe, 0x00, 0x03, 0xff, 0xfc, 0x00, 0x01, 0xff, 0xf8, 0x00, 0x00, 0x3f, 0xc0, 0x00, 0xfe, 0x00, 0x3f,
    0x80, 0xfe, 0x00, 0x3f, 0x80, 0xfe, 0x00, 0x3f, 0x80, 0xfe, 0x00, 0x3f, 0x80, 0xfe, 0x00, 0x3f, 0x80, 0xfe, 0x00, 0x3f,
    0x80, 0xfe, 0x00, 0x3f, 0x80, 0xfe, 0x00, 0x3f, 0x80, 0xfe, 0x00, 0x3f, 0x80, 0xfe, 0x00, 0x3f, 0x80, 0xfe, 0x00, 0x3f,
    0x80, 0xff, 0xff, 0xff, 0x80, 0xff, 0xff, 0xff, 0x80, 0xff, 0xff, 0xff, 0x80, 0xff, 0xff, 0xff, 0x80, 0xff, 0xff, 0xff,
    0x80, 0xff, 0xff, 0xff, 0x80, 0xfe, 0x00, 0x3f, 0x80, 0xfe, 0x00, 0x3f, 0x80, 0xfe, 0x00, 0x3f, 0x80, 0xfe, 0x00, 0x3f,
    0x80, 0xfe, 0x00, 0x3f, 0x80, 0xfe, 0x00, 0x3f, 0x80, 0xfe, 0x00, 0x3f, 0x80, 0xfe, 0x00, 0x3f, 0x80, 0xfe, 0x00, 0x3f,
    0x80, 0xfe, 0x00, 0x3f, 0x80, 0xfe, 0x00, 0x3f, 0x80, 0xfe, 0x00, 0x3f, 0x80, 0xfe, 0xfe, 0xfe, 0xfe, 0xfe, 0xfe, 0xfe,
    0xfe, 0xfe, 0xfe, 0xfe, 0xfe, 0xfe, 0xfe, 0xfe, 0xfe, 0xfe, 0xfe, 0xfe, 0xfe, 0xfe, 0xfe, 0xfe, 0xfe, 0xfe, 0xfe, 0xfe,
    0xfe, 0xfe, 0x00, 0x07, 0xf0, 0x00, 0x07, 0xf0, 0x00, 0x07, 0xf0, 0x00, 0x07, 0xf0, 0x00, 0x07, 0xf0, 0x00, 0x07, 0xf0,
    0x00, 0x07, 0xf0, 0x00, 0x07, 0xf0, 0x00, 0x07, 0xf0, 0x00, 0x07, 0xf0, 0x00, 0x07, 0xf0, 0x00, 0x07, 0xf0, 0x00, 0x07,
    0xf0, 0x00, 0x07, 0xf0, 0x00, 0x07, 0xf0, 0x00, 0x07, 0xf0, 0x00, 0x07, 0xf0, 0x00, 0x07, 0xf0, 0xfe, 0x07, 0xf0, 0xfe,
    0x07, 0xf0, 0xfe, 0x07, 0xf0, 0xfe, 0x07, 0xf0, 0xff, 0x0f, 0xf0, 0x7f, 0x9f, 0xe0, 0x7f, 0xff, 0xe0, 0x3f, 0xff, 0xc0,
    0x3f, 0xff, 0x80, 0x0f, 0xff, 0x00, 0x03, 0xfc, 0x00, 0xfe, 0x00, 0x7f, 0x80, 0xfe, 0x00, 0xff, 0x00, 0xfe, 0x01, 0xff,
    0x00, 0xfe, 0x03, 0xfe, 0x00, 0xfe, 0x03, 0xfc, 0x00, 0xfe, 0x07, 0xf8, 0x00, 0xfe, 0x0f, 0xf0, 0x00, 0xfe, 0x1f, 0xe0,
    0x00, 0xfe, 0x3f, 0xc0, 0x00, 0xfe, 0x3f, 0xc0, 0x00, 0xfe, 0x7f, 0x80, 0x00, 0xfe, 0xff, 0x00, 0x00, 0xff, 0xfe, 0x00,
    0x00, 0xff, 0xff, 0x00, 0x00, 0xff, 0xff, 0x00, 0x00, 0xff, 0xff, 0x80, 0x00, 0xff, 0xff, 0xc0, 0x00, 0xff, 0xff, 0xc0,
    0x00, 0xff, 0x9f, 0xe0, 0x00, 0xff, 0x8f, 0xf0, 0x00, 0xff, 0x07, 0xf0, 0x00, 0xfe, 0x07, 0xf8, 0x00, 0xfe, 0x03, 0xfc,
    0x00, 0xfe, 0x03, 0xfc, 0x00, 0xfe, 0x01, 0xfe, 0x00, 0xfe, 0x00, 0xff, 0x00, 0xfe, 0x00, 0xff, 0x00, 0xfe, 0x00, 0x7f,
    0x80, 0xfe, 0x00, 0x3f, 0xc0, 0xfe, 0x00, 0x00, 0xfe, 0x00, 0x00, 0xfe, 0x00, 0x00, 0xfe, 0x00, 0x00, 0xfe, 0x00, 0x00,
    0xfe, 0x00, 0x00, 0xfe, 0x00, 0x00, 0xfe, 0x00, 0x00, 0xfe, 0x00, 0x00, 0xfe, 0x00, 0x00, 0xfe, 0x00, 0x00, 0xfe, 0x00,
    0x00, 0xfe, 0x00, 0x00, 0xfe, 0x00, 0x00, 0xfe, 0x00, 0x00, 0xfe, 0x00, 0x00, 0xfe, 0x00, 0x00, 0xfe, 0x00, 0x00, 0xfe,
    0x00, 0x00, 0xfe, 0x00, 0x00, 0xfe, 0x00, 0x00, 0xfe, 0x00, 0x00, 0xfe, 0x00, 0x00, 0xff, 0xff, 0xf0, 0xff, 0xff, 0xf0,
    0xff, 0xff, 0xf0, 0xff, 0xff, 0xf0, 0xff, 0xff, 0xf0, 0xff, 0xff, 0xf0, 0xff, 0xe0, 0x03, 0xff, 0x80, 0xff, 0xe0, 0x03,
    0xff, 0x80, 0xff, 0xe0, 0x07, 0xff, 0x80, 0xff, 0xf0, 0x07, 0xff, 0x80, 0xff, 0xf0, 0x07, 0xff, 0x80, 0xff, 0xf0, 0x07,
    0xff, 0x80, 0xff, 0xf8, 0x0f, 0xff, 0x80, 0xff, 0xf8, 0x0f, 0xff, 0x80, 0xff, 0xf8, 0x0f, 0xff, 0x80, 0xff, 0xfc, 0x1f,
    0xbf, 0x80, 0xfe, 0xfc, 0x1f, 0xbf, 0x80, 0xfe, 0xfc, 0x1f, 0xbf, 0x80, 0xfe, 0xfe, 0x3f, 0xbf, 0x80, 0xfe, 0xfe, 0x3f,
    0x3f, 0x80, 0xfe, 0x7e, 0x3f, 0x3f, 0x80, 0xfe, 0x7e, 0x7f, 0x3f, 0x80, 0xfe, 0x7f, 0x7e, 0x3f, 0x80, 0xfe, 0x3f, 0x7e,
    0x3f, 0x80, 0xfe, 0x3f, 0xfe, 0x3f, 0x80, 0xfe, 0x3f, 0xfc, 0x3f, 0x80, 0xfe, 0x1f, 0xfc, 0x3f, 0x80, 0xfe, 0x1f, 0xfc,
    0x3f, 0x80, 0xfe, 0x1f, 0xf8, 0x3f, 0x80, 0xfe, 0x0f, 0xf8, 0x3f, 0x80, 0xfe, 0x0f, 0xf8, 0x3f, 0x80, 0xfe, 0x0f, 0xf0,
    0x3f, 0x80, 0xfe, 0x07, 0xf0, 0x3f, 0x80, 0xfe, 0x07, 0xf0, 0x3f, 0x80, 0xfe, 0x07, 0xe0, 0x3f, 0x80, 0xff, 0x00, 0x1f,
    0xc0, 0xff, 0x00, 0x1f, 0xc0, 0xff, 0x80, 0x1f, 0xc0, 0xff, 0x80, 0x1f, 0xc0, 0xff, 0xc0, 0x1f, 0xc0, 0xff, 0xe0, 0x1f,
    0xc0, 0xff, 0xe0, 0x1f, 0xc0, 0xff, 0xf0, 0x1f, 0xc0, 0xff, 0xf8, 0x1f, 0xc0, 0xff, 0xf8, 0x1f, 0xc0, 0xff, 0xfc, 0x1f,
    0xc0, 0xfe, 0xfe, 0x1f, 0xc0, 0xfe, 0xfe, 0x1f, 0xc0, 0xfe, 0x7f, 0x1f, 0xc0, 0xfe, 0x7f, 0x9f, 0xc0, 0xfe, 0x3f, 0x9f,
    0xc0, 0xfe, 0x1f, 0xdf, 0xc0, 0xfe, 0x1f, 0xdf, 0xc0, 0xfe, 0x0f, 0xff, 0xc0, 0xfe, 0x0f, 0xff, 0xc0, 0xfe, 0x07, 0xff,
    0xc0, 0xfe, 0x03, 0xff, 0xc0, 0xfe, 0x03, 0xff, 0xc0, 0xfe, 0x01, 0xff, 0xc0, 0xfe, 0x00, 0xff, 0xc0, 0xfe, 0x00, 0xff,
    0xc0, 0xfe, 0x00, 0x7f, 0xc0, 0xfe, 0x00, 0x3f, 0xc0, 0xfe, 0x00, 0x3f, 0xc0, 0x00, 0x3f, 0xc0, 0x00, 0x01, 0xff, 0xf8,
    0x00, 0x03, 0xff, 0xfc, 0x00, 0x0f, 0xff, 0xfe, 0x00, 0x1f, 0xff, 0xff, 0x00, 0x1f, 0xff, 0xff, 0x80, 0x3f, 0xe0, 0xff,
    0xc0, 0x7f, 0xc0, 0x3f, 0xc0, 0x7f, 0x80, 0x1f, 0xe0, 0x7f, 0x00, 0x0f, 0xe0, 0xff, 0x00, 0x0f, 0xe0, 0xfe, 0x00, 0x07,
    0xf0, 0xfe, 0x00, 0x07, 0xf0, 0xfe, 0x00, 0x07, 0xf0, 0xfe, 0x00, 0x07, 0xf0, 0xfe, 0x00, 0x07, 0xf0, 0xfe, 0x00, 0x07,
    0xf0, 0xfe, 0x00, 0x07, 0xf0, 0xfe, 0x00, 0x0f, 0xe0, 0x7f, 0x00, 0x0f, 0xe0, 0x7f, 0x80, 0x1f, 0xe0, 0x7f, 0xc0, 0x3f,
    0xc0, 0x3f, 0xe0, 0xff, 0xc0, 0x1f, 0xff, 0xff, 0x80, 0x1f, 0xff, 0xff, 0x00, 0x0f, 0xff, 0xfe, 0x00, 0x03, 0xff, 0xfc,
    0x00, 0x01, 0xff, 0xf8, 0x00, 0x00, 0x3f, 0xc0, 0x00, 0xff, 0xff, 0x00, 0xff, 0xff, 0xc0, 0xff, 0xff, 0xf0, 0xff, 0xff,
    0xf8, 0xff, 0xff, 0xf8, 0xfe, 0x07, 0xfc, 0xfe, 0x01, 0xfc, 0xfe, 0x01, 0xfe, 0xfe, 0x00, 0xfe, 0xfe, 0x00, 0xfe, 0xfe,
    0x00, 0xfe, 0xfe, 0x00, 0xfe, 0xfe, 0x01, 0xfc, 0xfe, 0x03, 0xfc, 0xff, 0xff, 0xfc, 0xff, 0xff, 0xf8, 0xff, 0xff, 0xf0,
    0xff, 0xff, 0xe0, 0xff, 0xff, 0x80, 0xfe, 0x00, 0x00, 0xfe, 0x00, 0x00, 0xfe, 0x00, 0x00, 0xfe, 0x00, 0x00, 0xfe, 0x00,
    0x00, 0xfe, 0x00, 0x00, 0xfe, 0x00, 0x00, 0xfe, 0x00, 0x00, 0xfe, 0x00, 0x00, 0xfe, 0x00, 0x00, 0x00, 0x3f, 0xc0, 0x00,
    0x01, 0xff, 0xf8, 0x00, 0x03, 0xff, 0xfc, 0x00, 0x0f, 0xff, 0xfe, 0x00, 0x1f, 0xff, 0xff, 0x00, 0x1f, 0xff, 0xff, 0x80,
    0x3f, 0xe0, 0xff, 0xc0, 0x7f, 0xc0, 0x3f, 0xc0, 0x7f, 0x80, 0x1f, 0xe0, 0x7f, 0x00, 0x0f, 0xe0, 0xff, 0x00, 0x0f, 0xe0,
    0xfe, 0x00, 0x07, 0xf0, 0xfe, 0x00, 0x07, 0xf0, 0xfe, 0x00, 0x07, 0xf0, 0xfe, 0x00, 0x07, 0xf0, 0xfe, 0x00, 0x07, 0xf0,
    0xfe, 0x00, 0x07, 0xf0, 0xfe, 0x00, 0x07, 0xf0, 0xfe, 0x0f, 0x8f, 0xe0, 0x7f, 0x0f, 0xcf, 0xe0, 0x7f, 0x87, 0xff, 0xe0,
    0x7f, 0xc7, 0xff, 0xc0, 0x3f, 0xe3, 0xff, 0xc0, 0x1f, 0xff, 0xff, 0x80, 0x1f, 0xff, 0xff, 0x00, 0x0f, 0xff, 0xfe, 0x00,
    0x03, 0xff, 0xff, 0x00, 0x01, 0xff, 0xff, 0x00, 0x00, 0x3f, 0xdf, 0x80, 0x00, 0x00, 0x0f, 0xc0, 0x00, 0x00, 0x07, 0xe0,
    0xff, 0xff, 0x00, 0xff, 0xff, 0xc0, 0xff, 0xff, 0xf0, 0xff, 0xff, 0xf8, 0xff, 0xff, 0xfc, 0xfe, 0x07, 0xfc, 0xfe, 0x01,
    0xfe, 0xfe, 0x00, 0xfe, 0xfe, 0x00, 0xfe, 0xfe, 0x00, 0xfe, 0xfe, 0x00, 0xfe, 0xfe, 0x00, 0xfe, 0xfe, 0x01, 0xfe, 0xfe,
    0x03, 0xfc, 0xff, 0xff, 0xfc, 0xff, 0xff, 0xf8, 0xff, 0xff, 0xf0, 0xff, 0xff, 0xe0, 0xff, 0xff, 0xc0, 0xfe, 0x1f, 0xe0,
    0xfe, 0x0f, 0xe0, 0xfe, 0x07, 0xf0, 0xfe, 0x07, 0xf8, 0xfe, 0x03, 0xf8, 0xfe, 0x03, 0xfc, 0xfe, 0x01, 0xfc, 0xfe, 0x01,
    0xfe, 0xfe, 0x00, 0xfe, 0xfe, 0x00, 0xff, 0x00, 0xff, 0x00, 0x03, 0xff, 0xe0, 0x0f, 0xff, 0xf0, 0x1f, 0xff, 0xf8, 0x3f,
    0xff, 0xfc, 0x3f, 0xe3, 0xfe, 0x7f, 0x80, 0xfe, 0x7f, 0x00, 0xfe, 0x7f, 0x00, 0x7e, 0x7f, 0x00, 0x00, 0x7f, 0xc0, 0x00,
    0x3f, 0xf8, 0x00, 0x3f, 0xff, 0xc0, 0x1f, 0xff, 0xf0, 0x0f, 0xff, 0xfc, 0x07, 0xff, 0xfe, 0x00, 0xff, 0xfe, 0x00, 0x07,
    0xff, 0x00, 0x00, 0xff, 0xfe, 0x00, 0x7f, 0xfe, 0x00, 0x7f, 0xfe, 0x00, 0x7f, 0xff, 0x00, 0xff, 0x7f, 0xe3, 0xfe, 0x7f,
    0xff, 0xfe, 0x3f, 0xff, 0xfc, 0x1f, 0xff, 0xf8, 0x07, 0xff, 0xe0, 0x01, 0xff, 0x80, 0xff, 0xff, 0xff, 0xff, 0xff, 0xff,
    0xff, 0xff, 0xff, 0xff, 0xff, 0xff, 0xff, 0xff, 0xff, 0xff, 0xff, 0xff, 0x00, 0x7f, 0x00, 0x00, 0x7f, 0x00, 0x00, 0x7f,
    0x00, 0x00, 0x7f, 0x00, 0x00, 0x7f, 0x00, 0x00, 0x7f, 0x00, 0x00, 0x7f, 0x00, 0x00, 0x7f, 0x00, 0x00, 0x7f, 0x00, 0x00,
    0x7f, 0x00, 0x00, 0x7f, 0x00, 0x00, 0x7f, 0x00, 0x00, 0x7f, 0x00, 0x00, 0x7f, 0x00, 0x00, 0x7f, 0x00, 0x00, 0x7f, 0x00,
    0x00, 0x7f, 0x00, 0x00, 0x7f, 0x00, 0x00, 0x7f, 0x00, 0x00, 0x7f, 0x00, 0x00, 0x7f, 0x00, 0x00, 0x7f, 0x00, 0x00, 0x7f,
    0x00, 0xfe, 0x00, 0x3f, 0x80, 0xfe, 0x00, 0x3f, 0x80, 0xfe, 0x00, 0x3f, 0x80, 0xfe, 0x00, 0x3f, 0x80, 0xfe, 0x00, 0x3f,
    0x80, 0xfe, 0x00, 0x3f, 0x80, 0xfe, 0x00, 0x3f, 0x80, 0xfe, 0x00, 0x3f, 0x80, 0xfe, 0x00, 0x3f, 0x80, 0xfe, 0x00, 0x3f,
    0x80, 0xfe, 0x00, 0x3f, 0x80, 0xfe, 0x00, 0x3f, 0x80, 0xfe, 0x00, 0x3f, 0x80, 0xfe, 0x00, 0x3f, 0x80, 0xfe, 0x00, 0x3f,
    0x80, 0xfe, 0x00, 0x3f, 0x80, 0xfe, 0x00, 0x3f, 0x80, 0xfe, 0x00, 0x3f, 0x80, 0xfe, 0x00, 0x3f, 0x80, 0xfe, 0x00, 0x3f,
    0x80, 0xff, 0x00, 0x7f, 0x80, 0xff, 0x00, 0xff, 0x00, 0x7f, 0xc1, 0xff, 0x00, 0x7f, 0xff, 0xff, 0x00, 0x3f, 0xff, 0xfe,
    0x00, 0x1f, 0xff, 0xfc, 0x00, 0x0f, 0xff, 0xf8, 0x00, 0x07, 0xff, 0xe0, 0x00, 0x00, 0xff, 0x80, 0x00, 0xff, 0x00, 0x07,
    0xf8, 0x7f, 0x00, 0x07, 0xf0, 0x7f, 0x80, 0x07, 0xf0, 0x7f, 0x80, 0x0f, 0xf0, 0x3f, 0x80, 0x0f, 0xe0, 0x3f, 0xc0, 0x0f,
    0xe0, 0x3f, 0xc0, 0x1f, 0xe0, 0x1f, 0xc0, 0x1f, 0xc0, 0x1f, 0xe0, 0x1f, 0xc0, 0x1f, 0xe0, 0x3f, 0xc0, 0x0f, 0xe0, 0x3f,
    0x80, 0x0f, 0xe0, 0x3f, 0x80, 0x0f, 0xf0, 0x3f, 0x80, 0x07, 0xf0, 0x7f, 0x00, 0x07, 0xf0, 0x7f, 0x00, 0x07, 0xf8, 0x7f,
    0x00, 0x03, 0xf8, 0xfe, 0x00, 0x03, 0xf8, 0xfe, 0x00, 0x03, 0xfc, 0xfe, 0x00, 0x01, 0xfc, 0xfc, 0x00, 0x01, 0xfd, 0xfc,
    0x00, 0x01, 0xfd, 0xfc, 0x00, 0x00, 0xff, 0xf8, 0x00, 0x00, 0xff, 0xf8, 0x00, 0x00, 0x7f, 0xf8, 0x00, 0x00, 0x7f, 0xf0,
    0x00, 0x00, 0x7f, 0xf0, 0x00, 0x00, 0x3f, 0xf0, 0x00, 0x00, 0x3f, 0xe0, 0x00, 0xff, 0x00, 0x7f, 0x00, 0x7f, 0xff, 0x00,
    0xff, 0x00, 0x7f, 0x7f, 0x00, 0xff, 0x00, 0xff, 0x7f, 0x00, 0xff, 0x80, 0xff, 0x7f, 0x80, 0xff, 0x80, 0xfe, 0x3f, 0x81,
    0xff, 0x80, 0xfe, 0x3f, 0x81, 0xff, 0x81, 0xfe, 0x3f, 0x81, 0xff, 0xc1, 0xfe, 0x3f, 0xc1, 0xff, 0xc1, 0xfc, 0x1f, 0xc1,
    0xff, 0xc1, 0xfc, 0x1f, 0xc3, 0xff, 0xc1, 0xfc, 0x1f, 0xc3, 0xf7, 0xe3, 0xf8, 0x1f, 0xc3, 0xf7, 0xe3, 0xf8, 0x0f, 0xe3,
    0xf7, 0xe3, 0xf8, 0x0f, 0xe7, 0xe7, 0xe3, 0xf8, 0x0f, 0xe7, 0xe3, 0xf3, 0xf0, 0x0f, 0xe7, 0xe3, 0xf7, 0xf0, 0x07, 0xf7,
    0xe3, 0xf7, 0xf0, 0x07, 0xff, 0xc3, 0xf7, 0xf0, 0x07, 0xff, 0xc1, 0xff, 0xe0, 0x03, 0xff, 0xc1, 0xff, 0xe0, 0x03, 0xff,
    0xc1, 0xff, 0xe0, 0x03, 0xff, 0x81, 0xff, 0xe0, 0x03, 0xff, 0x80, 0xff, 0xc0, 0x01, 0xff, 0x80, 0xff, 0xc0, 0x01, 0xff,
    0x80, 0xff, 0xc0, 0x01, 0xff, 0x00, 0xff, 0x80, 0x01, 0xff, 0x00, 0x7f, 0x80, 0x00, 0xff, 0x00, 0x7f, 0x80, 0x7f, 0x80,
    0x1f, 0xe0, 0x3f, 0xc0, 0x1f, 0xc0, 0x3f, 0xc0, 0x3f, 0xc0, 0x1f, 0xe0, 0x7f, 0x80, 0x0f, 0xf0, 0x7f, 0x00, 0x0f, 0xf0,
    0xff, 0x00, 0x07, 0xf9, 0xfe, 0x00, 0x03, 0xfd, 0xfc, 0x00, 0x03, 0xff, 0xfc, 0x00, 0x01, 0xff, 0xf8, 0x00, 0x00, 0xff,
    0xf0, 0x00, 0x00, 0xff, 0xf0, 0x00, 0x00, 0x7f, 0xe0, 0x00, 0x00, 0x3f, 0xe0, 0x00, 0x00, 0x3f, 0xe0, 0x00, 0x00, 0x7f,
    0xe0, 0x00, 0x00, 0x7f, 0xf0, 0x00, 0x00, 0xff, 0xf8, 0x00, 0x01, 0xff, 0xf8, 0x00, 0x03, 0xff, 0xfc, 0x00, 0x03, 0xfd,
    0xfe, 0x00, 0x07, 0xf9, 0xfe, 0x00, 0x0f, 0xf0, 0xff, 0x00, 0x0f, 0xe0, 0x7f, 0x80, 0x1f, 0xe0, 0x7f, 0x80, 0x3f, 0xc0,
    0x3f, 0xc0, 0x3f, 0x80, 0x1f, 0xe0, 0x7f, 0x80, 0x1f, 0xe0, 0xff, 0x00, 0x0f, 0xf0, 0xff, 0x80, 0x0f, 0xf0, 0x7f, 0x80,
    0x0f, 0xf0, 0x3f, 0xc0, 0x1f, 0xe0, 0x3f, 0xc0, 0x1f, 0xc0, 0x1f, 0xe0, 0x3f, 0xc0, 0x1f, 0xe0, 0x3f, 0x80, 0x0f, 0xf0,
    0x7f, 0x80, 0x07, 0xf0, 0xff, 0x00, 0x07, 0xf8, 0xff, 0x00, 0x03, 0xf9, 0xfe, 0x00, 0x03, 0xfd, 0xfc, 0x00, 0x01, 0xff,
    0xfc, 0x00, 0x01, 0xff, 0xf8, 0x00, 0x00, 0xff, 0xf8, 0x00, 0x00, 0x7f, 0xf0, 0x00, 0x00, 0x7f, 0xf0, 0x00, 0x00, 0x3f,
    0xe0, 0x00, 0x00, 0x3f, 0xc0, 0x00, 0x00, 0x1f, 0xc0, 0x00, 0x00, 0x1f, 0xc0, 0x00, 0x00, 0x1f, 0xc0, 0x00, 0x00, 0x1f,
    0xc0, 0x00, 0x00, 0x1f, 0xc0, 0x00, 0x00, 0x1f, 0xc0, 0x00, 0x00, 0x1f, 0xc0, 0x00, 0x00, 0x1f, 0xc0, 0x00, 0x00, 0x1f,
    0xc0, 0x00, 0x00, 0x1f, 0xc0, 0x00, 0x00, 0x1f, 0xc0, 0x00, 0xff, 0xff, 0xfe, 0xff, 0xff, 0xfe, 0xff, 0xff, 0xfe, 0xff,
    0xff, 0xfe, 0xff, 0xff, 0xfe, 0xff, 0xff, 0xfe, 0x00, 0x03, 0xfc, 0x00, 0x07, 0xf8, 0x00, 0x0f, 0xf0, 0x00, 0x0f, 0xf0,
    0x00, 0x1f, 0xe0, 0x00, 0x3f, 0xc0, 0x00, 0x7f, 0x80, 0x00, 0xff, 0x00, 0x01, 0xff, 0x00, 0x01, 0xfe, 0x00, 0x03, 0xfc,
    0x00, 0x07, 0xf8, 0x00, 0x0f, 0xf0, 0x00, 0x1f, 0xe0, 0x00, 0x1f, 0xe0, 0x00, 0x3f, 0xc0, 0x00, 0x7f, 0x80, 0x00, 0xff,
    0xff, 0xfe, 0xff, 0xff, 0xfe, 0xff, 0xff, 0xfe, 0xff, 0xff, 0xfe, 0xff, 0xff, 0xfe, 0xff, 0xff, 0xfe, 0xff, 0xc0, 0xff,
    0xc0, 0xff, 0xc0, 0xff, 0xc0, 0xff, 0xc0, 0xfe, 0x00, 0xfe, 0x00, 0xfe, 0x00, 0xfe, 0x00, 0xfe, 0x00, 0xfe, 0x00, 0xfe,
    0x00, 0xfe, 0x00, 0xfe, 0x00, 0xfe, 0x00, 0xfe, 0x00, 0xfe, 0x00, 0xfe, 0x00, 0xfe, 0x00, 0xfe, 0x00, 0xfe, 0x00, 0xfe,
    0x00, 0xfe, 0x00, 0xfe, 0x00, 0xfe, 0x00, 0xfe, 0x00, 0xfe, 0x00, 0xfe, 0x00, 0xfe, 0x00, 0xfe, 0x00, 0xfe, 0x00, 0xff,
    0xc0, 0xff, 0xc0, 0xff, 0xc0, 0xff, 0xc0, 0xff, 0xc0, 0x78, 0x00, 0xfc, 0x00, 0x7c, 0x00, 0x7e, 0x00, 0x7e, 0x00, 0x7e,
    0x00, 0x3e, 0x00, 0x3f, 0x00, 0x3f, 0x00, 0x3f, 0x00, 0x1f, 0x80, 0x1f, 0x80, 0x1f, 0x80, 0x0f, 0x80, 0x0f, 0xc0, 0x0f,
    0xc0, 0x0f, 0xc0, 0x07, 0xc0, 0x07, 0xe0, 0x07, 0xe0, 0x07, 0xe0, 0x03, 0xf0, 0x03, 0xf0, 0x03, 0xf0, 0x01, 0xf0, 0x01,
    0xf8, 0x01, 0xf8, 0x01, 0xf8, 0x00, 0xf8, 0x00, 0xfc, 0x00, 0xfc, 0x00, 0xfc, 0x00, 0x7e, 0x00, 0x7e, 0x00, 0x7e, 0xff,
    0xe0, 0xff, 0xe0, 0xff, 0xe0, 0xff, 0xe0, 0xff, 0xe0, 0x0f, 0xe0, 0x0f, 0xe0, 0x0f, 0xe0, 0x0f, 0xe0, 0x0f, 0xe0, 0x0f,
    0xe0, 0x0f, 0xe0, 0x0f, 0xe0, 0x0f, 0xe0, 0x0f, 0xe0, 0x0f, 0xe0, 0x0f, 0xe0, 0x0f, 0xe0, 0x0f, 0xe0, 0x0f, 0xe0, 0x0f,
    0xe0, 0x0f, 0xe0, 0x0f, 0xe0, 0x0f, 0xe0, 0x0f, 0xe0, 0x0f, 0xe0, 0x0f, 0xe0, 0x0f, 0xe0, 0x0f, 0xe0, 0x0f, 0xe0, 0x0f,
    0xe0, 0xff, 0xe0, 0xff, 0xe0, 0xff, 0xe0, 0xff, 0xe0, 0xff, 0xe0, 0x03, 0xe0, 0x00, 0x07, 0xe0, 0x00, 0x07, 0xf0, 0x00,
    0x0f, 0xf0, 0x00, 0x0f, 0xf8, 0x00, 0x1f, 0x78, 0x00, 0x1f, 0x7c, 0x00, 0x3e, 0x3c, 0x00, 0x3e, 0x3e, 0x00, 0x7c, 0x1e,
    0x00, 0x7c, 0x1f, 0x00, 0x78, 0x1f, 0x00, 0xf8, 0x0f, 0x80, 0xff, 0xff, 0xe0, 0xff, 0xff, 0xe0, 0xff, 0xff, 0xe0, 0xff,
    0xff, 0xe0, 0xff, 0xff, 0xe0, 0xfc, 0x00, 0x7e, 0x00, 0x3e, 0x00, 0x3f, 0x00, 0x1f, 0x00, 0x0f, 0x80, 0x01, 0xfc, 0x00,
    0x0f, 0xff, 0x80, 0x1f, 0xff, 0xc0, 0x3f, 0xff, 0xe0, 0x7f, 0xff, 0xe0, 0x7f, 0x9f, 0xf0, 0x7f, 0x07, 0xf0, 0x7e, 0x07,
    0xf0, 0x00, 0x0f, 0xf0, 0x07, 0xff, 0xf0, 0x1f, 0xff, 0xf0, 0x7f, 0xff, 0xf0, 0x7f, 0xe7, 0xf0, 0xff, 0x07, 0xf0, 0xfe,
    0x07, 0xf0, 0xfe, 0x0f, 0xf0, 0xff, 0x1f, 0xf0, 0xff, 0xff, 0xf0, 0x7f, 0xff, 0xf0, 0x3f, 0xf7, 0xf0, 0x0f, 0xc7, 0xf0,
    0xfe, 0x00, 0x00, 0xfe, 0x00, 0x00, 0xfe, 0x00, 0x00, 0xfe, 0x00, 0x00, 0xfe, 0x00, 0x00, 0xfe, 0x00, 0x00, 0xfe, 0x00,
    0x00, 0xfe, 0x00, 0x00, 0xfe, 0x3f, 0x00, 0xfe, 0xff, 0xc0, 0xff, 0xff, 0xe0, 0xff, 0xff, 0xf0, 0xff, 0xff, 0xf0, 0xff,
    0xcf, 0xf8, 0xff, 0x03, 0xf8, 0xff, 0x03, 0xf8, 0xfe, 0x01, 0xfc, 0xfe, 0x01, 0xfc, 0xfe, 0x01, 0xfc, 0xfe, 0x01, 0xfc,
    0xfe, 0x01, 0xfc, 0xff, 0x03, 0xfc, 0xff, 0x03, 0xf8, 0xff, 0xcf, 0xf8, 0xff, 0xff, 0xf0, 0xff, 0xff, 0xf0, 0xff, 0xff,
    0xe0, 0xfe, 0xff, 0xc0, 0xfe, 0x3f, 0x00, 0x01, 0xfc, 0x00, 0x07, 0xff, 0x00, 0x1f, 0xff, 0xc0, 0x3f, 0xff, 0xe0, 0x3f,
    0xff, 0xe0, 0x7f, 0xcf, 0xf0, 0x7f, 0x07, 0xf0, 0xfe, 0x03, 0xf0, 0xfe, 0x00, 0x00, 0xfe, 0x00, 0x00, 0xfe, 0x00, 0x00,
    0xfe, 0x00, 0x00, 0xfe, 0x00, 0x00, 0xfe, 0x03, 0xf0, 0x7f, 0x07, 0xf0, 0x7f, 0xcf, 0xf0, 0x3f, 0xff, 0xe0, 0x3f, 0xff,
    0xe0, 0x1f, 0xff, 0xc0, 0x07, 0xff, 0x00, 0x01, 0xfc, 0x00, 0x00, 0x01, 0xfc, 0x00, 0x01, 0xfc, 0x00, 0x01, 0xfc, 0x00,
    0x01, 0xfc, 0x00, 0x01, 0xfc, 0x00, 0x01, 0xfc, 0x00, 0x01, 0xfc, 0x00, 0x01, 0xfc, 0x03, 0xf1, 0xfc, 0x0f, 0xfd, 0xfc,
    0x1f, 0xff, 0xfc, 0x3f, 0xff, 0xfc, 0x7f, 0xff, 0xfc, 0x7f, 0xcf, 0xfc, 0x7f, 0x03, 0xfc, 0xfe, 0x01, 0xfc, 0xfe, 0x01,
    0xfc, 0xfe, 0x01, 0xfc, 0xfe, 0x01, 0xfc, 0xfe, 0x01, 0xfc, 0xfe, 0x01, 0xfc, 0xfe, 0x01, 0xfc, 0x7f, 0x03, 0xfc, 0x7f,
    0xcf, 0xfc, 0x7f, 0xff, 0xfc, 0x3f, 0xff, 0xfc, 0x1f, 0xfd, 0xfc, 0x0f, 0xf9, 0xfc, 0x03, 0xf1, 0xfc, 0x01, 0xfc, 0x00,
    0x07, 0xff, 0x00, 0x1f, 0xff, 0xc0, 0x3f, 0xff, 0xe0, 0x3f, 0xff, 0xe0, 0x7f, 0x8f, 0xf0, 0x7f, 0x07, 0xf0, 0xfe, 0x03,
    0xf8, 0xff, 0xff, 0xf8, 0xff, 0xff, 0xf8, 0xff, 0xff, 0xf8, 0xff, 0xff, 0xf8, 0xfe, 0x00, 0x00, 0xfe, 0x00, 0x00, 0x7f,
    0x03, 0xf8, 0x7f, 0xcf, 0xf0, 0x3f, 0xff, 0xf0, 0x3f, 0xff, 0xe0, 0x1f, 0xff, 0xc0, 0x07, 0xff, 0x00, 0x01, 0xfc, 0x00,
    0x00, 0xfe, 0x03, 0xfe, 0x07, 0xfe, 0x0f, 0xfe, 0x0f, 0xfe, 0x0f, 0xf0, 0x0f, 0xe0, 0x0f, 0xe0, 0xff, 0xfe, 0xff, 0xfe,
    0xff, 0xfe, 0xff, 0xfe, 0xff, 0xfe, 0x0f, 0xe0, 0x0f, 0xe0, 0x0f, 0xe0, 0x0f, 0xe0, 0x0f, 0xe0, 0x0f, 0xe0, 0x0f, 0xe0,
    0x0f, 0xe0, 0x0f, 0xe0, 0x0f, 0xe0, 0x0f, 0xe0, 0x0f, 0xe0, 0x0f, 0xe0, 0x0f, 0xe0, 0x0f, 0xe0, 0x0f, 0xe0, 0x03, 0xf1,
    0xfc, 0x0f, 0xf9, 0xfc, 0x1f, 0xfd, 0xfc, 0x3f, 0xff, 0xfc, 0x7f, 0xff, 0xfc, 0x7f, 0xcf, 0xfc, 0x7f, 0x03, 0xfc, 0xfe,
    0x03, 0xfc, 0xfe, 0x01, 0xfc, 0xfe, 0x01, 0xfc, 0xfe, 0x01, 0xfc, 0xfe, 0x01, 0xfc, 0xfe, 0x01, 0xfc, 0xfe, 0x03, 0xfc,
    0x7f, 0x03, 0xfc, 0x7f, 0xcf, 0xfc, 0x7f, 0xff, 0xfc, 0x3f, 0xff, 0xfc, 0x1f, 0xfd, 0xfc, 0x0f, 0xf9, 0xfc, 0x03, 0xf1,
    0xfc, 0x00, 0x01, 0xfc, 0x7f, 0x03, 0xf8, 0x7f, 0xcf, 0xf8, 0x3f, 0xff, 0xf8, 0x3f, 0xff, 0xf0, 0x1f, 0xff, 0xe0, 0x07,
    0xff, 0xc0, 0x01, 0xfe, 0x00, 0xfe, 0x00, 0x00, 0xfe, 0x00, 0x00, 0xfe, 0x00, 0x00, 0xfe, 0x00, 0x00, 0xfe, 0x00, 0x00,
    0xfe, 0x00, 0x00, 0xfe, 0x00, 0x00, 0xfe, 0x00, 0x00, 0xfe, 0x3f, 0x00, 0xfe, 0x7f, 0x80, 0xfe, 0xff, 0xc0, 0xff, 0xff,
    0xe0, 0xff, 0xff, 0xe0, 0xff, 0xff, 0xf0, 0xff, 0x0f, 0xf0, 0xfe, 0x07, 0xf0, 0xfe, 0x07, 0xf0, 0xfe, 0x07, 0xf0, 0xfe,
    0x07, 0xf0, 0xfe, 0x07, 0xf0, 0xfe, 0x07, 0xf0, 0xfe, 0x07, 0xf0, 0xfe, 0x07, 0xf0, 0xfe, 0x07, 0xf0, 0xfe, 0x07, 0xf0,
    0xfe, 0x07, 0xf0, 0xfe, 0x07, 0xf0, 0xfe, 0x07, 0xf0, 0xfe, 0x07, 0xf0, 0x38, 0x7c, 0xfe, 0xfe, 0xfe, 0x7c, 0x38, 0x00,
    0xfe, 0xfe, 0xfe, 0xfe, 0xfe, 0xfe, 0xfe, 0xfe, 0xfe, 0xfe, 0xfe, 0xfe, 0xfe, 0xfe, 0xfe, 0xfe, 0xfe, 0xfe, 0xfe, 0xfe,
    0xfe, 0x07, 0x00, 0x0f, 0x80, 0x1f, 0xc0, 0x1f, 0xc0, 0x1f, 0xc0, 0x0f, 0x80, 0x07, 0x00, 0x00, 0x00, 0x1f, 0xc0, 0x1f,
    0xc0, 0x1f, 0xc0, 0x1f, 0xc0, 0x1f, 0xc0, 0x1f, 0xc0, 0x1f, 0xc0, 0x1f, 0xc0, 0x1f, 0xc0, 0x1f, 0xc0, 0x1f, 0xc0, 0x1f,
    0xc0, 0x1f, 0xc0, 0x1f, 0xc0, 0x1f, 0xc0, 0x1f, 0xc0, 0x1f, 0xc0, 0x1f, 0xc0, 0x1f, 0xc0, 0x1f, 0xc0, 0x1f, 0xc0, 0x1f,
    0xc0, 0x1f, 0xc0, 0x3f, 0xc0, 0xff, 0xc0, 0xff, 0x80, 0xff, 0x80, 0xff, 0x00, 0xfc, 0x00, 0xfe, 0x00, 0x00, 0xfe, 0x00,
    0x00, 0xfe, 0x00, 0x00, 0xfe, 0x00, 0x00, 0xfe, 0x00, 0x00, 0xfe, 0x00, 0x00, 0xfe, 0x00, 0x00, 0xfe, 0x00, 0x00, 0xfe,
    0x07, 0xf8, 0xfe, 0x0f, 0xf0, 0xfe, 0x1f, 0xe0, 0xfe, 0x3f, 0xc0, 0xfe, 0x3f, 0x80, 0xfe, 0x7f, 0x00, 0xfe, 0xff, 0x00,
    0xff, 0xfe, 0x00, 0xff, 0xfc, 0x00, 0xff, 0xf8, 0x00, 0xff, 0xfc, 0x00, 0xff, 0xfe, 0x00, 0xff, 0xfe, 0x00, 0xff, 0xff,
    0x00, 0xfe, 0x7f, 0x80, 0xfe, 0x3f, 0x80, 0xfe, 0x3f, 0xc0, 0xfe, 0x1f, 0xe0, 0xfe, 0x0f, 0xe0, 0xfe, 0x0f, 0xf0, 0xfe,
    0x07, 0xf8, 0xfe, 0xfe, 0xfe, 0xfe, 0xfe, 0xfe, 0xfe, 0xfe, 0xfe, 0xfe, 0xfe, 0xfe, 0xfe, 0xfe, 0xfe, 0xfe, 0xfe, 0xfe,
    0xfe, 0xfe, 0xfe, 0xfe, 0xfe, 0xfe, 0xfe, 0xfe, 0xfe, 0xfe, 0xfe, 0xfe, 0x3f, 0x01, 0xf0, 0xfe, 0x7f, 0x87, 0xfc, 0xfe,
    0xff, 0xcf, 0xfe, 0xff, 0xff, 0xff, 0xfe, 0xff, 0xff, 0xff, 0xff, 0xff, 0x9f, 0xfd, 0xff, 0xff, 0x0f, 0xf0, 0x7f, 0xfe,
    0x07, 0xf0, 0x7f, 0xfe, 0x07, 0xf0, 0x7f, 0xfe, 0x07, 0xf0, 0x7f, 0xfe, 0x07, 0xf0, 0x7f, 0xfe, 0x07, 0xf0, 0x7f, 0xfe,
    0x07, 0xf0, 0x7f, 0xfe, 0x07, 0xf0, 0x7f, 0xfe, 0x07, 0xf0, 0x7f, 0xfe, 0x07, 0xf0, 0x7f, 0xfe, 0x07, 0xf0, 0x7f, 0xfe,
    0x07, 0xf0, 0x7f, 0xfe, 0x07, 0xf0, 0x7f, 0xfe, 0x07, 0xf0, 0x7f, 0xfe, 0x07, 0xf0, 0x7f, 0xfe, 0x3f, 0x00, 0xfe, 0x7f,
    0x80, 0xfe, 0xff, 0xc0, 0xff, 0xff, 0xe0, 0xff, 0xff, 0xe0, 0xff, 0xff, 0xf0, 0xff, 0x0f, 0xf0, 0xfe, 0x07, 0xf0, 0xfe,
    0x07, 0xf0, 0xfe, 0x07, 0xf0, 0xfe, 0x07, 0xf0, 0xfe, 0x07, 0xf0, 0xfe, 0x07, 0xf0, 0xfe, 0x07, 0xf0, 0xfe, 0x07, 0xf0,
    0xfe, 0x07, 0xf0, 0xfe, 0x07, 0xf0, 0xfe, 0x07, 0xf0, 0xfe, 0x07, 0xf0, 0xfe, 0x07, 0xf0, 0xfe, 0x07, 0xf0, 0x01, 0xfe,
    0x00, 0x07, 0xff, 0x80, 0x1f, 0xff, 0xc0, 0x3f, 0xff, 0xe0, 0x3f, 0xff, 0xf0, 0x7f, 0xcf, 0xf8, 0x7f, 0x03, 0xf8, 0xfe,
    0x03, 0xf8, 0xfe, 0x01, 0xfc, 0xfe, 0x01, 0xfc, 0xfe, 0x01, 0xfc, 0xfe, 0x01, 0xfc, 0xfe, 0x01, 0xfc, 0xfe, 0x03, 0xf8,
    0x7f, 0x03, 0xf8, 0x7f, 0xcf, 0xf8, 0x3f, 0xff, 0xf0, 0x3f, 0xff, 0xe0, 0x1f, 0xff, 0xc0, 0x07, 0xff, 0x80, 0x01, 0xfe,
    0x00, 0xfe, 0x3f, 0x00, 0xfe, 0xff, 0xc0, 0xff, 0xff, 0xe0, 0xff, 0xff, 0xf0, 0xff, 0xff, 0xf0, 0xff, 0xcf, 0xf8, 0xff,
    0x03, 0xf8, 0xff, 0x03, 0xf8, 0xfe, 0x01, 0xfc, 0xfe, 0x01, 0xfc, 0xfe, 0x01, 0xfc, 0xfe, 0x01, 0xfc, 0xfe, 0x01, 0xfc,
    0xff, 0x03, 0xf8, 0xff, 0x03, 0xf8, 0xff, 0xcf, 0xf8, 0xff, 0xff, 0xf0, 0xff, 0xff, 0xf0, 0xff, 0xff, 0xe0, 0xfe, 0xff,
    0xc0, 0xfe, 0x3f, 0x00, 0xfe, 0x00, 0x00, 0xfe, 0x00, 0x00, 0xfe, 0x00, 0x00, 0xfe, 0x00, 0x00, 0xfe, 0x00, 0x00, 0xfe,
    0x00, 0x00, 0xfe, 0x00, 0x00, 0xfe, 0x00, 0x00, 0x03, 0xf1, 0xfc, 0x0f, 0xfd, 0xfc, 0x1f, 0xff, 0xfc, 0x3f, 0xff, 0xfc,
    0x7f, 0xff, 0xfc, 0x7f, 0xcf, 0xfc, 0x7f, 0x03, 0xfc, 0xfe, 0x01, 0xfc, 0xfe, 0x01, 0xfc, 0xfe, 0x01, 0xfc, 0xfe, 0x01,
    0xfc, 0xfe, 0x01, 0xfc, 0xfe, 0x01, 0xfc, 0xfe, 0x01, 0xfc, 0x7f, 0x03, 0xfc, 0x7f, 0xcf, 0xfc, 0x7f, 0xff, 0xfc, 0x3f,
    0xff, 0xfc, 0x1f, 0xfd, 0xfc, 0x0f, 0xf9, 0xfc, 0x03, 0xf1, 0xfc, 0x00, 0x01, 0xfc, 0x00, 0x01, 0xfc, 0x00, 0x01, 0xfc,
    0x00, 0x01, 0xfc, 0x00, 0x01, 0xfc, 0x00, 0x01, 0xfc, 0x00, 0x01, 0xfc, 0x00, 0x01, 0xfc, 0xfe, 0x7c, 0xfe, 0xfc, 0xff,
    0xfc, 0xff, 0xfc, 0xff, 0xfc, 0xff, 0xc0, 0xff, 0x00, 0xfe, 0x00, 0xfe, 0x00, 0xfe, 0x00, 0xfe, 0x00, 0xfe, 0x00, 0xfe,
    0x00, 0xfe, 0x00, 0xfe, 0x00, 0xfe, 0x00, 0xfe, 0x00, 0xfe, 0x00, 0xfe, 0x00, 0xfe, 0x00, 0xfe, 0x00, 0x07, 0xf8, 0x00,
    0x1f, 0xff, 0x00, 0x3f, 0xff, 0x80, 0x7f, 0xff, 0xc0, 0xff, 0xff, 0xc0, 0xff, 0x1f, 0xe0, 0xfe, 0x0f, 0xe0, 0xfe, 0x00,
    0x00, 0xff, 0xc0, 0x00, 0x7f, 0xfe, 0x00, 0x3f, 0xff, 0x80, 0x0f, 0xff, 0xc0, 0x00, 0xff, 0xe0, 0x00, 0x0f, 0xe0, 0xfe,
    0x0f, 0xe0, 0xfe, 0x1f, 0xe0, 0xff, 0xff, 0xe0, 0x7f, 0xff, 0xc0, 0x3f, 0xff, 0x80, 0x1f, 0xff, 0x00, 0x03, 0xf8, 0x00,
    0x0f, 0xe0, 0x0f, 0xe0, 0x0f, 0xe0, 0x0f, 0xe0, 0x0f, 0xe0, 0xff, 0xfe, 0xff, 0xfe, 0xff, 0xfe, 0xff, 0xfe, 0xff, 0xfe,
    0x0f, 0xe0, 0x0f, 0xe0, 0x0f, 0xe0, 0x0f, 0xe0, 0x0f, 0xe0, 0x0f, 0xe0, 0x0f, 0xe0, 0x0f, 0xe0, 0x0f, 0xe0, 0x0f, 0xe0,
    0x0f, 0xf0, 0x0f, 0xfe, 0x0f, 0xfe, 0x07, 0xfe, 0x03, 0xfe, 0x01, 0xfe, 0xfe, 0x07, 0xf0, 0xfe, 0x07, 0xf0, 0xfe, 0x07,
    0xf0, 0xfe, 0x07, 0xf0, 0xfe, 0x07, 0xf0, 0xfe, 0x07, 0xf0, 0xfe, 0x07, 0xf0, 0xfe, 0x07, 0xf0, 0xfe, 0x07, 0xf0, 0xfe,
    0x07, 0xf0, 0xfe, 0x07, 0xf0, 0xfe, 0x07, 0xf0, 0xfe, 0x07, 0xf0, 0xfe, 0x07, 0xf0, 0xff, 0x0f, 0xf0, 0xff, 0x9f, 0xf0,
    0x7f, 0xff, 0xf0, 0x7f, 0xff, 0xf0, 0x3f, 0xff, 0xf0, 0x1f, 0xf7, 0xf0, 0x0f, 0xc7, 0xf0, 0xfe, 0x00, 0xfe, 0x7f, 0x01,
    0xfc, 0x7f, 0x01, 0xfc, 0x7f, 0x01, 0xfc, 0x3f, 0x83, 0xf8, 0x3f, 0x83, 0xf8, 0x3f, 0x83, 0xf0, 0x1f, 0x83, 0xf0, 0x1f,
    0xc7, 0xf0, 0x1f, 0xc7, 0xe0, 0x0f, 0xc7, 0xe0, 0x0f, 0xef, 0xe0, 0x07, 0xef, 0xc0, 0x07, 0xef, 0xc0, 0x07, 0xff, 0xc0,
    0x03, 0xff, 0x80, 0x03, 0xff, 0x80, 0x03, 0xff, 0x80, 0x01, 0xff, 0x00, 0x01, 0xff, 0x00, 0x01, 0xfe, 0x00, 0xfe, 0x03,
    0xf0, 0x3f, 0xc0, 0x7f, 0x03, 0xf0, 0x3f, 0x80, 0x7f, 0x07, 0xf8, 0x3f, 0x80, 0x7f, 0x07, 0xf8, 0x3f, 0x80, 0x7f, 0x07,
    0xf8, 0x7f, 0x00, 0x3f, 0x8f, 0xf8, 0x7f, 0x00, 0x3f, 0x8f, 0xfc, 0x7f, 0x00, 0x3f, 0x8f, 0xfc, 0x7e, 0x00, 0x1f, 0x8f,
    0xfc, 0x7e, 0x00, 0x1f, 0x9f, 0xfc, 0xfe, 0x00, 0x1f, 0xdf, 0x7e, 0xfe, 0x00, 0x0f, 0xdf, 0x3e, 0xfc, 0x00, 0x0f, 0xdf,
    0x3e, 0xfc, 0x00, 0x0f, 0xff, 0x3f, 0xfc, 0x00, 0x0f, 0xfe, 0x1f, 0xf8, 0x00, 0x07, 0xfe, 0x1f, 0xf8, 0x00, 0x07, 0xfe,
    0x1f, 0xf8, 0x00, 0x07, 0xfc, 0x1f, 0xf0, 0x00, 0x03, 0xfc, 0x0f, 0xf0, 0x00, 0x03, 0xfc, 0x0f, 0xf0, 0x00, 0x03, 0xfc,
    0x0f, 0xf0, 0x00, 0x7f, 0x03, 0xf8, 0x7f, 0x87, 0xf0, 0x3f, 0x87, 0xf0, 0x1f, 0xcf, 0xe0, 0x1f, 0xdf, 0xc0, 0x0f, 0xff,
    0xc0, 0x07, 0xff, 0x80, 0x07, 0xff, 0x00, 0x03, 0xff, 0x00, 0x01, 0xfe, 0x00, 0x01, 0xfe, 0x00, 0x03, 0xfe, 0x00, 0x03,
    0xff, 0x00, 0x07, 0xff, 0x80, 0x0f, 0xff, 0x80, 0x0f, 0xdf, 0xc0, 0x1f, 0xcf, 0xe0, 0x3f, 0x8f, 0xe0, 0x3f, 0x87, 0xf0,
    0x7f, 0x07, 0xf8, 0xfe, 0x03, 0xf8, 0xfe, 0x01, 0xfc, 0xfe, 0x01, 0xfc, 0x7e, 0x03, 0xf8, 0x7f, 0x03, 0xf8, 0x7f, 0x03,
    0xf8, 0x3f, 0x07, 0xf0, 0x3f, 0x87, 0xf0, 0x3f, 0x87, 0xe0, 0x1f, 0x87, 0xe0, 0x1f, 0xcf, 0xe0, 0x0f, 0xcf, 0xc0, 0x0f,
    0xcf, 0xc0, 0x0f, 0xff, 0xc0, 0x07, 0xff, 0x80, 0x07, 0xff, 0x80, 0x07, 0xff, 0x00, 0x03, 0xff, 0x00, 0x03, 0xff, 0x00,
    0x01, 0xfe, 0x00, 0x01, 0xfe, 0x00, 0x01, 0xfe, 0x00, 0x01, 0xfc, 0x00, 0x01, 0xfc, 0x00, 0x03, 0xf8, 0x00, 0x3f, 0xf8,
    0x00, 0x3f, 0xf8, 0x00, 0x3f, 0xf0, 0x00, 0x3f, 0xe0, 0x00, 0x3f, 0x80, 0x00, 0xff, 0xff, 0xc0, 0xff, 0xff, 0xc0, 0xff,
    0xff, 0xc0, 0xff, 0xff, 0xc0, 0xff, 0xff, 0xc0, 0x00, 0x7f, 0x80, 0x00, 0x7f, 0x00, 0x00, 0xff, 0x00, 0x01, 0xfe, 0x00,
    0x03, 0xfc, 0x00, 0x07, 0xf8, 0x00, 0x0f, 0xf0, 0x00, 0x0f, 0xe0, 0x00, 0x1f, 0xc0, 0x00, 0x3f, 0x80, 0x00, 0x7f, 0x80,
    0x00, 0xff, 0xff, 0xc0, 0xff, 0xff, 0xc0, 0xff, 0xff, 0xc0, 0xff, 0xff, 0xc0, 0xff, 0xff, 0xc0, 0x00, 0xfe, 0x01, 0xfe,
    0x03, 0xfe, 0x07, 0xfe, 0x07, 0xfe, 0x0f, 0xf0, 0x0f, 0xe0, 0x0f, 0xe0, 0x0f, 0xe0, 0x0f, 0xe0, 0x0f, 0xe0, 0x0f, 0xe0,
    0x0f, 0xe0, 0x0f, 0xe0, 0x1f, 0xe0, 0xff, 0xc0, 0xff, 0x80, 0xfe, 0x00, 0xff, 0x00, 0xff, 0xc0, 0xff, 0xc0, 0x1f, 0xe0,
    0x0f, 0xe0, 0x0f, 0xe0, 0x0f, 0xe0, 0x0f, 0xe0, 0x0f, 0xe0, 0x0f, 0xe0, 0x0f, 0xe0, 0x0f, 0xf0, 0x0f, 0xf8, 0x07, 0xfe,
    0x07, 0xfe, 0x03, 0xfe, 0x01, 0xfe, 0x00, 0x7e, 0xfe, 0xfe, 0xfe, 0xfe, 0xfe, 0xfe, 0xfe, 0xfe, 0xfe, 0xfe, 0xfe, 0xfe,
    0xfe, 0xfe, 0xfe, 0xfe, 0xfe, 0xfe, 0xfe, 0xfe, 0xfe, 0xfe, 0xfe, 0xfe, 0xfe, 0xfe, 0xfe, 0xfe, 0xfe, 0xfe, 0xfe, 0xfe,
    0xfe, 0xfe, 0xfe, 0xfe, 0xfe, 0xfe, 0xfe, 0xfe, 0xfe, 0xfe, 0xfe, 0xfe, 0xfe, 0xfe, 0xfe, 0xfe, 0xfe, 0x00, 0xff, 0x00,
    0xff, 0x80, 0xff, 0xc0, 0xff, 0xc0, 0x1f, 0xe0, 0x0f, 0xe0, 0x0f, 0xe0, 0x0f, 0xe0, 0x0f, 0xe0, 0x0f, 0xe0, 0x0f, 0xe0,
    0x0f, 0xe0, 0x0f, 0xe0, 0x0f, 0xf0, 0x07, 0xfe, 0x03, 0xfe, 0x00, 0xfe, 0x01, 0xfe, 0x07, 0xfe, 0x07, 0xfe, 0x0f, 0xf0,
    0x0f, 0xe0, 0x0f, 0xe0, 0x0f, 0xe0, 0x0f, 0xe0, 0x0f, 0xe0, 0x0f, 0xe0, 0x0f, 0xe0, 0x1f, 0xe0, 0x3f, 0xe0, 0xff, 0xc0,
    0xff, 0xc0, 0xff, 0x80, 0xff, 0x00, 0xfc, 0x00, 0x1f, 0x80, 0xf8, 0x3f, 0xe0, 0xf8, 0x7f, 0xf0, 0xf8, 0x7f, 0xfb, 0xf8,
    0xff, 0xff, 0xf0, 0xfc, 0xff, 0xf0, 0xf8, 0x3f, 0xe0, 0xf8, 0x1f, 0xe0, 0x00, 0x0f, 0x80, 0x38, 0x7c, 0xfe, 0xfe, 0xfe,
    0x7c, 0x38, 0x0f, 0x80, 0x3f, 0xe0, 0x7f, 0xf0, 0x7f, 0xf0, 0xff, 0xf8, 0xff, 0xf8, 0xff, 0xf8, 0xff, 0xf8, 0x7f, 0xf0,
    0x7f, 0xf0, 0x3f, 0xe0, 0x0f, 0x80, 0x00, 0x07, 0x00, 0x00, 0x00, 0x0f, 0x00, 0x00, 0x00, 0x1f, 0x80, 0x00, 0x00, 0x1f,
    0xc0, 0x00, 0x00, 0x0f, 0xe0, 0x00, 0x00, 0x07, 0xf0, 0x00, 0x00, 0x03, 0xf8, 0x00, 0x00, 0x01, 0xfc, 0x00, 0x00, 0x00,
    0xfe, 0x00, 0x00, 0x00, 0x7f, 0x00, 0x00, 0x00, 0x3f, 0x80, 0x00, 0x00, 0x1f, 0xc0, 0xff, 0xff, 0xff, 0xe0, 0xff, 0xff,
    0xff, 0xf0, 0xff, 0xff, 0xff, 0xf8, 0xff, 0xff, 0xff, 0xf0, 0xff, 0xff, 0xff, 0xe0, 0x00, 0x00, 0x1f, 0xc0, 0x00, 0x00,
    0x3f, 0x80, 0x00, 0x00, 0x7f, 0x00, 0x00, 0x00, 0xfe, 0x00, 0x00, 0x01, 0xfc, 0x00, 0x00, 0x03, 0xf8, 0x00, 0x00, 0x07,
    0xf0, 0x00, 0x00, 0x0f, 0xe0, 0x00, 0x00, 0x1f, 0xc0, 0x00, 0x00, 0x0f, 0x80, 0x00, 0x00, 0x07, 0x00, 0x00, 0x00, 0x02,
    0x00, 0x00, 0x00, 0x03, 0x00, 0x00, 0x00, 0x07, 0x80, 0x00, 0x00, 0x0f, 0xc0, 0x00, 0x00, 0x1f, 0xc0, 0x00, 0x00, 0x3f,
    0x80, 0x00, 0x00, 0x7f, 0x00, 0x00, 0x00, 0xfe, 0x00, 0x00, 0x01, 0xfc, 0x00, 0x00, 0x03, 0xf8, 0x00, 0x00, 0x07, 0xf0,
    0x00, 0x00, 0x0f, 0xe0, 0x00, 0x00, 0x1f, 0xc0, 0x00, 0x00, 0x3f, 0xff, 0xff, 0xf8, 0x7f, 0xff, 0xff, 0xf8, 0xff, 0xff,
    0xff, 0xf8, 0x7f, 0xff, 0xff, 0xf8, 0x3f, 0xff, 0xff, 0xf8, 0x1f, 0xc0, 0x00, 0x00, 0x0f, 0xe0, 0x00, 0x00, 0x07, 0xf0,
    0x00, 0x00, 0x03, 0xf8, 0x00, 0x00, 0x01, 0xfc, 0x00, 0x00, 0x00, 0xfe, 0x00, 0x00, 0x00, 0x7f, 0x00, 0x00, 0x00, 0x3f,
    0x80, 0x00, 0x00, 0x1f, 0xc0, 0x00, 0x00, 0x0f, 0x80, 0x00, 0x00, 0x07, 0x00, 0x00, 0x00, 0x02, 0x00, 0x00, 0x38, 0x0e,
    0x03, 0x80, 0x7c, 0x1f, 0x07, 0xc0, 0xfe, 0x3f, 0x8f, 0xe0, 0xfe, 0x3f, 0x8f, 0xe0, 0xfe, 0x3f, 0x8f, 0xe0, 0x7c, 0x1f,
    0x07, 0xc0, 0x38, 0x0e, 0x03, 0x80, 0xff, 0xff, 0xf0, 0xff, 0xff, 0xf0, 0xff, 0xff, 0xf0, 0xff, 0xff, 0xf0, 0xff, 0xff,
    0xf0, 0xff, 0xff, 0xff, 0xff, 0xff, 0xff, 0xff, 0xff, 0xff, 0xff, 0xff, 0xff, 0xff, 0xff, 0xff, 0xff, 0xff, 0xff, 0xff,
    0xff, 0xff, 0xff, 0xff, 0xff, 0xff, 0x07, 0x80, 0x1f, 0xe0, 0x3f, 0xf0, 0x7f, 0xf8, 0xf8, 0x7c, 0xf0, 0x3c, 0xf0, 0x3c,
    0xf0, 0x3c, 0xf0, 0x3c, 0xf8, 0x7c, 0x7f, 0xf8, 0x3f, 0xf0, 0x1f, 0xe0, 0x0f, 0xc0, 0x01, 0xf8, 0x00, 0x01, 0xf8, 0x00,
    0x01, 0xf8, 0x00, 0x01, 0xf8, 0x00, 0x01, 0xf8, 0x00, 0xff, 0xff, 0xf0, 0xff, 0xff, 0xf0, 0xff, 0xff, 0xf0, 0xff, 0xff,
    0xf0, 0xff, 0xff, 0xf0, 0x01, 0xf8, 0x00, 0x01, 0xf8, 0x00, 0x01, 0xf8, 0x00, 0x01, 0xf8, 0x00, 0x01, 0xf8, 0x00, 0x00,
    0x00, 0x00, 0x00, 0x00, 0x00, 0xff, 0xff, 0xf0, 0xff, 0xff, 0xf0, 0xff, 0xff, 0xf0, 0xff, 0xff, 0xf0, 0xff, 0xff, 0xf0,
    0x18, 0x00, 0xc0, 0x3c, 0x01, 0xe0, 0x7e, 0x03, 0xf0, 0xff, 0x07, 0xf8, 0xff, 0x8f, 0xf0, 0x7f, 0xdf, 0xe0, 0x3f, 0xff,
    0xc0, 0x1f, 0xff, 0x80, 0x0f, 0xff, 0x00, 0x07, 0xfe, 0x00, 0x03, 0xfe, 0x00, 0x07, 0xff, 0x00, 0x0f, 0xff, 0x80, 0x1f,
    0xff, 0xc0, 0x3f, 0xff, 0xe0, 0x7f, 0x9f, 0xf0, 0xff, 0x0f, 0xf8, 0xfe, 0x07, 0xf0, 0x7c, 0x03, 0xe0, 0x38, 0x01, 0xc0,
    0x10, 0x00, 0x80,
};
static const beacon_glyph_t k_ui40b_glyphs[] = {
    {0, 8, 0, 0, 0, 0},  // U+0020
    {0, 10, 1, 29, 7, 29},  // U+0021
    {29, 20, 3, 29, 14, 11},  // U+0022
    {51, 25, 0, 29, 25, 29},  // U+0023
    {167, 27, 1, 34, 24, 38},  // U+0024
    {281, 39, 2, 29, 34, 29},  // U+0025
    {426, 26, 1, 29, 25, 29},  // U+0026
    {542, 11, 3, 29, 5, 11},  // U+0027
    {553, 14, 2, 30, 11, 36},  // U+0028
    {625, 14, 1, 30, 11, 36},  // U+0029
    {697, 23, 3, 29, 16, 16},  // U+002A
    {729, 27, 3, 22, 21, 21},  // U+002B
    {792, 10, 1, 5, 7, 11},  // U+002C
    {803, 18, 2, 14, 13, 5},  // U+002D
    {813, 10, 1, 7, 7, 7},  // U+002E
    {820, 15, 0, 31, 15, 35},  // U+002F
    {890, 27, 1, 29, 25, 29},  // U+0030
    {1006, 16, 0, 29, 14, 29},  // U+0031
    {1064, 25, 1, 29, 22, 29},  // U+0032
    {1151, 25, 1, 29, 23, 29},  // U+0033
    {1238, 27, 1, 29, 25, 29},  // U+0034
    {1354, 24, 1, 29, 23, 29},  // U+0035
    {1441, 25, 1, 29, 23, 29},  // U+0036
    {1528, 23, 1, 29, 21, 29},  // U+0037
    {1615, 25, 1, 29, 23, 29},  // U+0038
    {1702, 25, 1, 29, 23, 29},  // U+0039
    {1789, 10, 1, 20, 7, 20},  // U+003A
    {1809, 10, 0, 20, 8, 26},  // U+003B
    {1835, 27, 3, 23, 21, 22},  // U+003C
    {1901, 27, 3, 19, 20, 15},  // U+003D
    {1946, 27, 3, 23, 21, 23},  // U+003E
    {2015, 23, 1, 29, 21, 29},  // U+003F
    {2102, 41, 1, 29, 39, 38},  // U+0040
    {2292, 30, 0, 29, 30, 29},  // U+0041
    {2408, 26, 2, 29, 23, 29},  // U+0042
    {2495, 29, 1, 29, 27, 29},  // U+0043
    {2611, 28, 2, 29, 25, 29},  // U+0044
    {2727, 25, 2, 29, 22, 29},  // U+0045
    {2814, 24, 2, 29, 21, 29},  // U+0046
    {2901, 30, 1, 29, 27, 29},  // U+0047
    {3017, 29, 2, 29, 25, 29},  // U+0048
    {3133, 11, 2, 29, 7, 29},  // U+0049
    {3162, 23, 1, 29, 20, 29},  // U+004A
    {3249, 28, 2, 29, 26, 29},  // U+004B
    {3365, 23, 2, 29, 20, 29},  // U+004C
    {3452, 36, 2, 29, 33, 29},  // U+004D
    {3597, 29, 2, 29, 26, 29},  // U+004E
    {3713, 30, 1, 29, 28, 29},  // U+004F
    {3829, 26, 2, 29, 23, 29},  // U+0050
    {3916, 30, 1, 29, 28, 31},  // U+0051
    {4040, 26, 2, 29, 24, 29},  // U+0052
    {4127, 27, 1, 29, 24, 29},  // U+0053
    {4214, 26, 1, 29, 24, 29},  // U+0054
    {4301, 28, 2, 29, 25, 29},  // U+0055
    {4417, 29, 0, 29, 29, 29},  // U+0056
    {4533, 41, 0, 29, 40, 29},  // U+0057
    {4678, 29, 0, 29, 28, 29},  // U+0058
    {4794, 28, 0, 29, 28, 29},  // U+0059
    {4910, 26, 1, 29, 23, 29},  // U+005A
    {4997, 14, 2, 30, 10, 36},  // U+005B
    {5069, 15, 0, 31, 15, 35},  // U+005C
    {5139, 14, 1, 30, 11, 36},  // U+005D
    {5211, 19, 1, 29, 17, 13},  // U+005E
    {5250, 19, 0, 0, 19, 5},  // U+005F
    {5265, 13, 2, 29, 9, 6},  // U+0060
    {5277, 23, 1, 21, 20, 21},  // U+0061
    {5340, 24, 2, 29, 22, 29},  // U+0062
    {5427, 23, 1, 21, 20, 21},  // U+0063
    {5490, 24, 1, 29, 22, 29},  // U+0064
    {5577, 23, 1, 21, 21, 21},  // U+0065
    {5640, 16, 0, 29, 15, 29},  // U+0066
    {5698, 24, 1, 21, 22, 29},  // U+0067
    {5785, 24, 2, 29, 20, 29},  // U+0068
    {5872, 10, 2, 29, 7, 29},  // U+0069
    {5901, 11, -1, 29, 10, 37},  // U+006A
    {5975, 23, 2, 29, 21, 29},  // U+006B
    {6062, 10, 2, 29, 7, 29},  // U+006C
    {6091, 36, 2, 21, 32, 21},  // U+006D
    {6175, 24, 2, 21, 20, 21},  // U+006E
    {6238, 24, 1, 21, 22, 21},  // U+006F
    {6301, 24, 2, 21, 22, 29},  // U+0070
    {6388, 24, 1, 21, 22, 29},  // U+0071
    {6475, 16, 2, 21, 14, 21},  // U+0072
    {6517, 22, 1, 21, 19, 21},  // U+0073
    {6580, 16, 0, 26, 15, 26},  // U+0074
    {6632, 24, 2, 21, 20, 21},  // U+0075
    {6695, 23, 0, 21, 23, 21},  // U+0076
    {6758, 34, 0, 21, 34, 21},  // U+0077
    {6863, 22, 0, 21, 21, 21},  // U+0078
    {6926, 23, 1, 21, 22, 29},  // U+0079
    {7013, 22, 2, 21, 18, 21},  // U+007A
    {7076, 18, 2, 30, 15, 36},  // U+007B
    {7148, 15, 4, 39, 7, 48},  // U+007C
    {7196, 18, 1, 30, 15, 36},  // U+007D
    {7268, 27, 3, 16, 21, 9},  // U+007E
    {7295, 10, 1, 17, 7, 7},  // U+00B7
    {7302, 16, 2, 17, 13, 12},  // U+2022
    {7326, 37, 5, 27, 29, 29},  // U+2192
    {7442, 37, 4, 27, 29, 29},  // U+2190
    {7558, 31, 1, 7, 27, 7},  // U+2026
    {7586, 20, 0, 14, 20, 5},  // U+2013
    {7601, 40, 0, 14, 40, 5},  // U+2014
    {7626, 18, 2, 29, 14, 14},  // U+00B0
    {7654, 27, 3, 23, 20, 22},  // U+00B1
    {7720, 27, 3, 22, 21, 21},  // U+00D7
};
static const uint16_t k_ui40b_cps[] = {
    32, 33, 34, 35, 36, 37, 38, 39, 40, 41, 42, 43,
    44, 45, 46, 47, 48, 49, 50, 51, 52, 53, 54, 55,
    56, 57, 58, 59, 60, 61, 62, 63, 64, 65, 66, 67,
    68, 69, 70, 71, 72, 73, 74, 75, 76, 77, 78, 79,
    80, 81, 82, 83, 84, 85, 86, 87, 88, 89, 90, 91,
    92, 93, 94, 95, 96, 97, 98, 99, 100, 101, 102, 103,
    104, 105, 106, 107, 108, 109, 110, 111, 112, 113, 114, 115,
    116, 117, 118, 119, 120, 121, 122, 123, 124, 125, 126, 183,
    8226, 8594, 8592, 8230, 8211, 8212, 176, 177, 215,
};
const beacon_font_t beacon_font_ui40b = {
    .name = "ui40b",
    .ascent = 39,
    .descent = 10,
    .line_height = 49,
    .count = 105,
    .codepoints = k_ui40b_cps,
    .glyphs = k_ui40b_glyphs,
    .bits = k_ui40b_bits,
};

static const uint8_t k_label_bits[] = {
    0x40, 0x40, 0x40, 0x40, 0x40, 0x00, 0xc0, 0xc0, 0xd0, 0xd0, 0xd0, 0x2c, 0x28, 0x6e, 0x28, 0x28, 0xec, 0x58, 0x50, 0x20,
    0x70, 0xa0, 0xa0, 0xe0, 0x38, 0x28, 0xb8, 0xf0, 0x20, 0x64, 0xa4, 0xb8, 0x60, 0x0c, 0x74, 0x54, 0x8c, 0x30, 0x40, 0x40,
    0x60, 0x7c, 0xd8, 0xd8, 0x74, 0x80, 0x80, 0x80, 0x20, 0x40, 0x40, 0x80, 0x80, 0x80, 0x80, 0xc0, 0x40, 0x20, 0xc0, 0x60,
    0x20, 0x20, 0x30, 0x30, 0x20, 0x20, 0x60, 0xc0, 0x20, 0x20, 0xf8, 0x70, 0xd0, 0x20, 0x20, 0xf8, 0x20, 0x20, 0xc0, 0xc0,
    0xc0, 0x80, 0xe0, 0xc0, 0xc0, 0x18, 0x10, 0x10, 0x20, 0x20, 0x60, 0x40, 0x40, 0xc0, 0x80, 0x38, 0x4c, 0x44, 0xc4, 0xd4,
    0x54, 0x4c, 0x38, 0x70, 0xf0, 0xb0, 0x30, 0x30, 0x30, 0x30, 0xf8, 0xf0, 0x98, 0x18, 0x18, 0x30, 0x60, 0xc0, 0xf8, 0xf0,
    0x98, 0x18, 0x70, 0x18, 0x18, 0x98, 0xf0, 0x18, 0x38, 0x28, 0x48, 0x48, 0xfc, 0x08, 0x08, 0xf8, 0x80, 0x80, 0xb0, 0x98,
    0x08, 0x98, 0xf0, 0x30, 0x40, 0xc0, 0xf0, 0x98, 0x88, 0x98, 0x70, 0xf8, 0x98, 0x98, 0x10, 0x30, 0x20, 0x60, 0x60, 0x78,
    0x4c, 0x4c, 0x38, 0x4c, 0xc4, 0x4c, 0x38, 0x38, 0x4c, 0xc4, 0x4c, 0x7c, 0x08, 0x18, 0x30, 0xc0, 0xc0, 0x00, 0x00, 0xc0,
    0xc0, 0xc0, 0xc0, 0x00, 0x00, 0xc0, 0xc0, 0xc0, 0x80, 0x08, 0x30, 0xe0, 0xc0, 0xe0, 0x30, 0x08, 0xf8, 0x00, 0xf8, 0x80,
    0xe0, 0x30, 0x18, 0x30, 0xe0, 0x80, 0x70, 0x98, 0x18, 0x30, 0x60, 0x00, 0x60, 0x60, 0x38, 0x44, 0x5c, 0x74, 0xf4, 0x74,
    0x5c, 0x40, 0x38, 0x30, 0x38, 0x28, 0x68, 0x6c, 0x7c, 0x44, 0xc4, 0xf0, 0x98, 0x98, 0xf0, 0x98, 0x88, 0x98, 0xf0, 0x70,
    0xd8, 0x80, 0x80, 0x80, 0x80, 0xd8, 0x70, 0xf0, 0x98, 0x88, 0x88, 0x88, 0x88, 0x98, 0xf0, 0xf8, 0x80, 0x80, 0xf8, 0x80,
    0x80, 0x80, 0xf8, 0xf8, 0x80, 0x80, 0xf8, 0x80, 0x80, 0x80, 0x80, 0x38, 0x4c, 0x40, 0xc0, 0xdc, 0x44, 0x6c, 0x3c, 0x98,
    0x98, 0x98, 0xf8, 0x98, 0x98, 0x98, 0x98, 0xf8, 0x20, 0x20, 0x20, 0x20, 0x20, 0x20, 0xf8, 0xf8, 0x18, 0x18, 0x18, 0x18,
    0x18, 0x90, 0xf0, 0x98, 0x90, 0xb0, 0xe0, 0xf0, 0x90, 0x98, 0x88, 0xc0, 0xc0, 0xc0, 0xc0, 0xc0, 0xc0, 0xc0, 0xf8, 0x98,
    0xd8, 0xf8, 0xe8, 0xa8, 0x88, 0x88, 0x88, 0xc8, 0xc8, 0xc8, 0xa8, 0xa8, 0xb8, 0x98, 0x98, 0x38, 0x4c, 0x44, 0xc4, 0xc4,
    0x44, 0x4c, 0x38, 0xf0, 0x98, 0x88, 0x98, 0xf0, 0x80, 0x80, 0x80, 0x38, 0x4c, 0x44, 0xc4, 0xc4, 0x44, 0x4c, 0x38, 0x10,
    0x1c, 0xf0, 0x98, 0x88, 0x98, 0xf0, 0xb0, 0x90, 0x98, 0x70, 0x80, 0x80, 0xe0, 0x38, 0x08, 0x98, 0xf0, 0xfc, 0x10, 0x10,
    0x10, 0x10, 0x10, 0x10, 0x10, 0x98, 0x98, 0x98, 0x98, 0x98, 0x98, 0x98, 0x70, 0xc4, 0x44, 0x4c, 0x6c, 0x68, 0x28, 0x38,
    0x30, 0x84, 0xc4, 0xd4, 0xf4, 0xf4, 0x6c, 0x6c, 0x6c, 0x44, 0x6c, 0x38, 0x30, 0x38, 0x78, 0x6c, 0xc4, 0xc4, 0x4c, 0x68,
    0x38, 0x30, 0x10, 0x10, 0x10, 0xf8, 0x18, 0x30, 0x20, 0x60, 0xc0, 0x80, 0xf8, 0xf0, 0x80, 0x80, 0x80, 0x80, 0x80, 0x80,
    0x80, 0x80, 0xf0, 0x80, 0xc0, 0x40, 0x40, 0x60, 0x20, 0x20, 0x10, 0x10, 0x18, 0xe0, 0x20, 0x20, 0x20, 0x20, 0x20, 0x20,
    0x20, 0x20, 0xe0, 0x60, 0x70, 0xd0, 0x98, 0x88, 0xf8, 0x80, 0x40, 0xf0, 0x90, 0x18, 0xf8, 0x98, 0xf8, 0x80, 0x80, 0xb0,
    0x98, 0x88, 0x88, 0x98, 0xb0, 0x70, 0xd0, 0x80, 0x80, 0xc0, 0x70, 0x18, 0x18, 0xf8, 0x98, 0x98, 0x98, 0x98, 0xf8, 0x70,
    0x98, 0xf8, 0x80, 0xc0, 0x70, 0x38, 0x20, 0xf8, 0x20, 0x20, 0x20, 0x20, 0xf8, 0x18, 0x70, 0x98, 0x98, 0x70, 0x80, 0xf8,
    0x88, 0xf8, 0x80, 0x80, 0xb0, 0x98, 0x98, 0x98, 0x98, 0x98, 0x20, 0x20, 0x00, 0xe0, 0x20, 0x20, 0x20, 0x20, 0xf8, 0x30,
    0x30, 0x00, 0xf0, 0x30, 0x30, 0x30, 0x30, 0x30, 0x30, 0xe0, 0x80, 0x80, 0x98, 0xb0, 0xe0, 0xf0, 0x90, 0x98, 0xe0, 0x20,
    0x20, 0x20, 0x20, 0x20, 0x20, 0xf8, 0xfc, 0xd4, 0xd4, 0xd4, 0xd4, 0xd4, 0xb0, 0x98, 0x98, 0x98, 0x98, 0x98, 0x70, 0x98,
    0x88, 0x88, 0x98, 0x70, 0xb0, 0x98, 0x88, 0x88, 0x98, 0xb0, 0x80, 0x80, 0xf8, 0x98, 0x98, 0x98, 0x98, 0xf8, 0x18, 0x18,
    0xf8, 0x60, 0x60, 0x60, 0x60, 0xf8, 0x70, 0xc0, 0xf0, 0x38, 0x98, 0xf0, 0x30, 0x30, 0xfc, 0x30, 0x30, 0x30, 0x30, 0x1c,
    0x98, 0x98, 0x98, 0x98, 0x98, 0xf8, 0x88, 0x98, 0xd0, 0x50, 0x70, 0x60, 0x94, 0xb4, 0xf4, 0x6c, 0x6c, 0x6c, 0x98, 0xd0,
    0x60, 0x70, 0xd0, 0x98, 0xc4, 0x4c, 0x68, 0x28, 0x38, 0x30, 0x30, 0x60, 0xf8, 0x10, 0x30, 0x60, 0xc0, 0xf8, 0x38, 0x60,
    0x20, 0x20, 0xe0, 0x20, 0x20, 0x60, 0x60, 0x38, 0x80, 0x80, 0x80, 0x80, 0x80, 0x80, 0x80, 0x80, 0x80, 0x80, 0xe0, 0x20,
    0x20, 0x40, 0x38, 0x60, 0x60, 0x20, 0x20, 0xe0, 0xc8, 0xa8, 0xb0, 0xc0, 0xc0, 0xe0, 0xe0, 0xe0, 0x08, 0xfc, 0x08, 0x20,
    0x60, 0xfc, 0x60, 0x20, 0xd4, 0xd4, 0xf8, 0xfe, 0x70, 0xd0, 0xd0, 0x70, 0x20, 0x20, 0xf8, 0x20, 0x20, 0x00, 0xf8, 0x90,
    0xf0, 0x60, 0xf0, 0x90,
};
static const beacon_glyph_t k_label_glyphs[] = {
    {0, 8, 0, 0, 0, 0},  // U+0020
    {0, 8, 2, 8, 2, 8},  // U+0021
    {8, 8, 1, 8, 4, 3},  // U+0022
    {11, 8, 0, 8, 7, 8},  // U+0023
    {19, 8, 1, 9, 5, 10},  // U+0024
    {29, 8, 0, 8, 6, 8},  // U+0025
    {37, 8, 0, 8, 6, 8},  // U+0026
    {45, 8, 3, 8, 1, 3},  // U+0027
    {48, 8, 2, 8, 3, 10},  // U+0028
    {58, 8, 1, 8, 4, 10},  // U+0029
    {68, 8, 1, 6, 5, 5},  // U+002A
    {73, 8, 1, 6, 5, 5},  // U+002B
    {78, 8, 2, 2, 2, 4},  // U+002C
    {82, 8, 2, 4, 3, 1},  // U+002D
    {83, 8, 2, 2, 2, 2},  // U+002E
    {85, 8, 1, 8, 5, 10},  // U+002F
    {95, 8, 0, 8, 6, 8},  // U+0030
    {103, 8, 1, 8, 5, 8},  // U+0031
    {111, 8, 1, 8, 5, 8},  // U+0032
    {119, 8, 1, 8, 5, 8},  // U+0033
    {127, 8, 0, 8, 6, 8},  // U+0034
    {135, 8, 1, 8, 5, 8},  // U+0035
    {143, 8, 1, 8, 5, 8},  // U+0036
    {151, 8, 1, 8, 5, 8},  // U+0037
    {159, 8, 0, 8, 6, 8},  // U+0038
    {167, 8, 0, 8, 6, 8},  // U+0039
    {175, 8, 2, 6, 2, 6},  // U+003A
    {181, 8, 2, 6, 2, 8},  // U+003B
    {189, 8, 1, 7, 5, 7},  // U+003C
    {196, 8, 1, 5, 5, 3},  // U+003D
    {199, 8, 1, 7, 5, 7},  // U+003E
    {206, 8, 1, 8, 5, 8},  // U+003F
    {214, 8, 0, 8, 6, 9},  // U+0040
    {223, 8, 0, 8, 6, 8},  // U+0041
    {231, 8, 1, 8, 5, 8},  // U+0042
    {239, 8, 1, 8, 5, 8},  // U+0043
    {247, 8, 1, 8, 5, 8},  // U+0044
    {255, 8, 1, 8, 5, 8},  // U+0045
    {263, 8, 1, 8, 5, 8},  // U+0046
    {271, 8, 0, 8, 6, 8},  // U+0047
    {279, 8, 1, 8, 5, 8},  // U+0048
    {287, 8, 1, 8, 5, 8},  // U+0049
    {295, 8, 1, 8, 5, 8},  // U+004A
    {303, 8, 1, 8, 5, 8},  // U+004B
    {311, 8, 1, 8, 5, 8},  // U+004C
    {319, 8, 1, 8, 5, 8},  // U+004D
    {327, 8, 1, 8, 5, 8},  // U+004E
    {335, 8, 0, 8, 6, 8},  // U+004F
    {343, 8, 1, 8, 5, 8},  // U+0050
    {351, 8, 0, 8, 6, 10},  // U+0051
    {361, 8, 1, 8, 5, 8},  // U+0052
    {369, 8, 1, 8, 5, 8},  // U+0053
    {377, 8, 0, 8, 6, 8},  // U+0054
    {385, 8, 1, 8, 5, 8},  // U+0055
    {393, 8, 0, 8, 6, 8},  // U+0056
    {401, 8, 0, 8, 6, 8},  // U+0057
    {409, 8, 0, 8, 6, 8},  // U+0058
    {417, 8, 0, 8, 6, 8},  // U+0059
    {425, 8, 1, 8, 5, 8},  // U+005A
    {433, 8, 2, 8, 4, 10},  // U+005B
    {443, 8, 1, 8, 5, 10},  // U+005C
    {453, 8, 1, 8, 3, 10},  // U+005D
    {463, 8, 1, 8, 5, 5},  // U+005E
    {468, 8, 1, -1, 5, 1},  // U+005F
    {469, 8, 2, 9, 2, 2},  // U+0060
    {471, 8, 1, 6, 5, 6},  // U+0061
    {477, 8, 1, 8, 5, 8},  // U+0062
    {485, 8, 1, 6, 4, 6},  // U+0063
    {491, 8, 1, 8, 5, 8},  // U+0064
    {499, 8, 1, 6, 5, 6},  // U+0065
    {505, 8, 1, 8, 5, 8},  // U+0066
    {513, 8, 1, 7, 5, 9},  // U+0067
    {522, 8, 1, 8, 5, 8},  // U+0068
    {530, 8, 1, 9, 5, 9},  // U+0069
    {539, 8, 1, 9, 4, 11},  // U+006A
    {550, 8, 1, 8, 5, 8},  // U+006B
    {558, 8, 1, 8, 5, 8},  // U+006C
    {566, 8, 0, 6, 6, 6},  // U+006D
    {572, 8, 1, 6, 5, 6},  // U+006E
    {578, 8, 1, 6, 5, 6},  // U+006F
    {584, 8, 1, 6, 5, 8},  // U+0070
    {592, 8, 1, 6, 5, 8},  // U+0071
    {600, 8, 1, 6, 5, 6},  // U+0072
    {606, 8, 1, 6, 5, 6},  // U+0073
    {612, 8, 0, 8, 6, 8},  // U+0074
    {620, 8, 1, 6, 5, 6},  // U+0075
    {626, 8, 1, 6, 5, 6},  // U+0076
    {632, 8, 0, 6, 6, 6},  // U+0077
    {638, 8, 1, 6, 5, 6},  // U+0078
    {644, 8, 0, 6, 6, 8},  // U+0079
    {652, 8, 1, 6, 5, 6},  // U+007A
    {658, 8, 1, 8, 5, 10},  // U+007B
    {668, 8, 3, 8, 1, 10},  // U+007C
    {678, 8, 1, 8, 5, 10},  // U+007D
    {688, 8, 1, 5, 5, 3},  // U+007E
    {691, 8, 2, 4, 2, 2},  // U+00B7
    {693, 8, 2, 5, 3, 3},  // U+2022
    {696, 8, 0, 5, 6, 3},  // U+2192
    {699, 8, 0, 6, 6, 5},  // U+2190
    {704, 8, 0, 2, 6, 2},  // U+2026
    {706, 8, 1, 4, 5, 1},  // U+2013
    {707, 8, 0, 4, 7, 1},  // U+2014
    {708, 8, 1, 8, 4, 4},  // U+00B0
    {712, 8, 1, 7, 5, 7},  // U+00B1
    {719, 8, 1, 6, 4, 5},  // U+00D7
};
static const uint16_t k_label_cps[] = {
    32, 33, 34, 35, 36, 37, 38, 39, 40, 41, 42, 43,
    44, 45, 46, 47, 48, 49, 50, 51, 52, 53, 54, 55,
    56, 57, 58, 59, 60, 61, 62, 63, 64, 65, 66, 67,
    68, 69, 70, 71, 72, 73, 74, 75, 76, 77, 78, 79,
    80, 81, 82, 83, 84, 85, 86, 87, 88, 89, 90, 91,
    92, 93, 94, 95, 96, 97, 98, 99, 100, 101, 102, 103,
    104, 105, 106, 107, 108, 109, 110, 111, 112, 113, 114, 115,
    116, 117, 118, 119, 120, 121, 122, 123, 124, 125, 126, 183,
    8226, 8594, 8592, 8230, 8211, 8212, 176, 177, 215,
};
const beacon_font_t beacon_font_label = {
    .name = "label",
    .ascent = 12,
    .descent = 4,
    .line_height = 16,
    .count = 105,
    .codepoints = k_label_cps,
    .glyphs = k_label_glyphs,
    .bits = k_label_bits,
};

static const uint8_t k_mono11_bits[] = {
    0x80, 0x80, 0x80, 0x80, 0x80, 0x00, 0x80, 0x80, 0xa0, 0xa0, 0xa0, 0x14, 0x24, 0x6e, 0x28, 0x28, 0xee, 0x28, 0x48, 0x20,
    0x78, 0xa8, 0xa0, 0xf0, 0x38, 0x24, 0xa8, 0x78, 0x20, 0x62, 0x94, 0x94, 0x60, 0x2c, 0x12, 0x52, 0x8c, 0x38, 0x48, 0x40,
    0x26, 0x74, 0x9c, 0xcc, 0x74, 0x80, 0x80, 0x80, 0x20, 0x20, 0x40, 0x40, 0x00, 0x80, 0x00, 0x40, 0x40, 0x20, 0x20, 0x80,
    0x40, 0x40, 0x00, 0x20, 0x20, 0x20, 0x00, 0x40, 0x40, 0x80, 0x20, 0x20, 0xf8, 0x30, 0x50, 0x08, 0x20, 0x20, 0xf8, 0x20,
    0x20, 0x40, 0x40, 0x40, 0x80, 0xe0, 0x80, 0x80, 0x08, 0x08, 0x10, 0x10, 0x00, 0x20, 0x20, 0x40, 0x40, 0x40, 0x80, 0x70,
    0x88, 0x88, 0xac, 0xac, 0x88, 0x88, 0x70, 0x60, 0xe0, 0xa0, 0x20, 0x20, 0x20, 0x20, 0xfc, 0x70, 0x88, 0x08, 0x08, 0x10,
    0x20, 0xc0, 0xf8, 0x70, 0x88, 0x08, 0x70, 0x08, 0x08, 0x88, 0x70, 0x0c, 0x1c, 0x2c, 0x0c, 0x4c, 0xfe, 0x0c, 0x0c, 0xf8,
    0x80, 0x80, 0xf0, 0x88, 0x08, 0x88, 0x70, 0x20, 0x40, 0x80, 0xf0, 0x88, 0x88, 0x88, 0x70, 0xf8, 0x88, 0x08, 0x10, 0x10,
    0x20, 0x20, 0x40, 0x78, 0x88, 0x88, 0x70, 0x88, 0x8c, 0x88, 0x78, 0x70, 0x88, 0x88, 0x88, 0x78, 0x08, 0x10, 0x20, 0x80,
    0x80, 0x00, 0x00, 0x00, 0x80, 0x80, 0x40, 0x40, 0x00, 0x00, 0x00, 0x40, 0x40, 0x40, 0x80, 0x08, 0x10, 0x60, 0x80, 0x60,
    0x10, 0x08, 0xf8, 0x00, 0xf8, 0x80, 0x60, 0x10, 0x08, 0x10, 0x60, 0x80, 0x70, 0x88, 0x08, 0x30, 0x20, 0x00, 0x20, 0x20,
    0x70, 0x88, 0xb8, 0xa8, 0xa8, 0xa8, 0xb8, 0xc0, 0x70, 0x10, 0x38, 0x28, 0x28, 0x64, 0x7c, 0x44, 0xc2, 0xf8, 0x88, 0x88,
    0xf0, 0x88, 0x8c, 0x88, 0xf8, 0x70, 0xc8, 0x80, 0x80, 0x80, 0x80, 0xc8, 0x70, 0xf0, 0x88, 0x88, 0x8c, 0x8c, 0x88, 0x88,
    0xf0, 0xf8, 0x80, 0x80, 0xf8, 0x80, 0x80, 0x80, 0xf8, 0xf8, 0x80, 0x80, 0xf8, 0x80, 0x80, 0x80, 0x80, 0x70, 0x88, 0x80,
    0x80, 0x98, 0x88, 0x88, 0x78, 0x88, 0x88, 0x88, 0xf8, 0x88, 0x88, 0x88, 0x88, 0xf8, 0x20, 0x20, 0x20, 0x20, 0x20, 0x20,
    0xf8, 0x78, 0x08, 0x08, 0x08, 0x08, 0x08, 0x98, 0x70, 0x88, 0x98, 0xb0, 0xa0, 0xf0, 0x90, 0x88, 0x8c, 0x80, 0x80, 0x80,
    0x80, 0x80, 0x80, 0x80, 0xf8, 0x88, 0xd8, 0xf8, 0xa8, 0xa8, 0x88, 0x88, 0x88, 0xc8, 0xc8, 0xc8, 0xa8, 0xa8, 0x98, 0x98,
    0x88, 0x70, 0x88, 0x88, 0x8c, 0x8c, 0x88, 0x88, 0x70, 0xf8, 0x88, 0x8c, 0x88, 0xf8, 0x80, 0x80, 0x80, 0x70, 0x88, 0x88,
    0x8c, 0x8c, 0x88, 0x88, 0x70, 0x20, 0x38, 0xf8, 0x88, 0x8c, 0x88, 0xf8, 0x90, 0x98, 0x88, 0x70, 0x88, 0x80, 0xe0, 0x18,
    0x08, 0x88, 0x78, 0xfe, 0x10, 0x10, 0x10, 0x10, 0x10, 0x10, 0x10, 0x88, 0x88, 0x88, 0x88, 0x88, 0x88, 0x88, 0x70, 0x84,
    0x88, 0x88, 0xc8, 0x50, 0x50, 0x70, 0x20, 0x82, 0x02, 0x52, 0x5a, 0x68, 0x6c, 0x6c, 0x64, 0x8c, 0xc8, 0x50, 0x30, 0x30,
    0x50, 0x88, 0x8c, 0xc2, 0x44, 0x2c, 0x28, 0x10, 0x10, 0x10, 0x10, 0xf8, 0x08, 0x10, 0x20, 0x20, 0x40, 0x80, 0xfc, 0xe0,
    0x80, 0x80, 0x80, 0x80, 0x80, 0x80, 0x80, 0x80, 0x80, 0xe0, 0x80, 0x40, 0x40, 0x40, 0x20, 0x20, 0x00, 0x10, 0x10, 0x08,
    0x08, 0xf0, 0x10, 0x10, 0x10, 0x10, 0x10, 0x10, 0x10, 0x10, 0x10, 0xf0, 0x20, 0x50, 0x58, 0x88, 0x80, 0xfc, 0xc0, 0x40,
    0x70, 0x98, 0x08, 0xf8, 0x88, 0xec, 0x80, 0x80, 0x80, 0xb0, 0x88, 0x88, 0x88, 0x88, 0xb8, 0x70, 0xc8, 0x80, 0x80, 0xc8,
    0x70, 0x08, 0x08, 0x08, 0x68, 0x88, 0x88, 0x88, 0x88, 0x68, 0x70, 0x88, 0xf8, 0x80, 0x88, 0x70, 0x3c, 0x20, 0x20, 0xfc,
    0x20, 0x20, 0x20, 0x20, 0xf8, 0x0c, 0x70, 0x88, 0x88, 0x70, 0x80, 0xf8, 0x84, 0xf8, 0x80, 0x80, 0x80, 0xb0, 0x88, 0x88,
    0x88, 0x88, 0x88, 0x30, 0x30, 0x00, 0xf0, 0x30, 0x30, 0x30, 0x30, 0xfc, 0x10, 0x10, 0x00, 0xf0, 0x10, 0x10, 0x10, 0x10,
    0x10, 0x10, 0xf0, 0x80, 0x80, 0x80, 0x88, 0x90, 0xe0, 0xd0, 0x98, 0x8c, 0xe0, 0x20, 0x20, 0x20, 0x20, 0x20, 0x20, 0x20,
    0xf8, 0xe8, 0xac, 0xa4, 0xa4, 0xa4, 0xa4, 0xb0, 0x88, 0x88, 0x88, 0x88, 0x88, 0x70, 0x88, 0x88, 0x88, 0x88, 0x70, 0xb0,
    0x88, 0x88, 0x88, 0x88, 0xb8, 0x80, 0x80, 0x68, 0x88, 0x88, 0x88, 0x88, 0x68, 0x08, 0x08, 0xec, 0x20, 0x20, 0x20, 0x20,
    0xf8, 0x78, 0x80, 0xe0, 0x18, 0x88, 0x78, 0x10, 0x30, 0xfc, 0x30, 0x30, 0x30, 0x30, 0x1c, 0x88, 0x88, 0x88, 0x88, 0x88,
    0x78, 0x88, 0x88, 0x48, 0x50, 0x50, 0x20, 0x92, 0x12, 0x48, 0x6c, 0x6c, 0x64, 0x88, 0x50, 0x30, 0x30, 0x50, 0x88, 0x88,
    0x88, 0x58, 0x50, 0x30, 0x20, 0x20, 0xc0, 0xf8, 0x18, 0x30, 0x60, 0xc0, 0xf8, 0x38, 0x20, 0x20, 0x00, 0x10, 0xe0, 0x10,
    0x00, 0x20, 0x20, 0x38, 0x80, 0x80, 0x80, 0x80, 0x80, 0x80, 0x80, 0x80, 0x80, 0x80, 0x80, 0xe0, 0x00, 0x20, 0x20, 0x20,
    0x38, 0x20, 0x20, 0x20, 0x00, 0xe0, 0xc0, 0xa8, 0x18, 0x80, 0x80, 0xe0, 0xe0, 0xe0, 0x08, 0x04, 0xfe, 0x04, 0x08, 0x20,
    0x40, 0xfe, 0x40, 0x20, 0xac, 0xac, 0xfc, 0xfe, 0xe0, 0x90, 0x90, 0xe0, 0x20, 0x20, 0xf8, 0x20, 0x20, 0x00, 0xf8, 0x88,
    0x50, 0x20, 0x50, 0x88,
};
static const beacon_glyph_t k_mono11_glyphs[] = {
    {0, 7, 0, 0, 0, 0},  // U+0020
    {0, 7, 3, 8, 1, 8},  // U+0021
    {8, 7, 2, 9, 3, 3},  // U+0022
    {11, 7, 0, 8, 7, 8},  // U+0023
    {19, 7, 1, 9, 6, 10},  // U+0024
    {29, 7, 0, 8, 7, 8},  // U+0025
    {37, 7, 0, 8, 7, 8},  // U+0026
    {45, 7, 3, 9, 1, 3},  // U+0027
    {48, 7, 2, 9, 3, 11},  // U+0028
    {59, 7, 2, 9, 3, 11},  // U+0029
    {70, 7, 1, 7, 5, 6},  // U+002A
    {76, 7, 1, 6, 5, 5},  // U+002B
    {81, 7, 2, 2, 2, 4},  // U+002C
    {85, 7, 2, 4, 3, 1},  // U+002D
    {86, 7, 3, 2, 1, 2},  // U+002E
    {88, 7, 1, 9, 5, 11},  // U+002F
    {99, 7, 1, 8, 6, 8},  // U+0030
    {107, 7, 1, 8, 6, 8},  // U+0031
    {115, 7, 1, 8, 5, 8},  // U+0032
    {123, 7, 1, 8, 5, 8},  // U+0033
    {131, 7, 0, 8, 7, 8},  // U+0034
    {139, 7, 1, 8, 5, 8},  // U+0035
    {147, 7, 1, 8, 5, 8},  // U+0036
    {155, 7, 1, 8, 5, 8},  // U+0037
    {163, 7, 1, 8, 6, 8},  // U+0038
    {171, 7, 1, 8, 5, 8},  // U+0039
    {179, 7, 3, 7, 1, 7},  // U+003A
    {186, 7, 2, 7, 2, 9},  // U+003B
    {195, 7, 1, 7, 5, 7},  // U+003C
    {202, 7, 1, 5, 5, 3},  // U+003D
    {205, 7, 1, 7, 5, 7},  // U+003E
    {212, 7, 1, 8, 5, 8},  // U+003F
    {220, 7, 1, 8, 5, 9},  // U+0040
    {229, 7, 0, 8, 7, 8},  // U+0041
    {237, 7, 1, 8, 6, 8},  // U+0042
    {245, 7, 1, 8, 5, 8},  // U+0043
    {253, 7, 1, 8, 6, 8},  // U+0044
    {261, 7, 1, 8, 5, 8},  // U+0045
    {269, 7, 1, 8, 5, 8},  // U+0046
    {277, 7, 1, 8, 5, 8},  // U+0047
    {285, 7, 1, 8, 5, 8},  // U+0048
    {293, 7, 1, 8, 5, 8},  // U+0049
    {301, 7, 1, 8, 5, 8},  // U+004A
    {309, 7, 1, 8, 6, 8},  // U+004B
    {317, 7, 1, 8, 5, 8},  // U+004C
    {325, 7, 1, 8, 5, 8},  // U+004D
    {333, 7, 1, 8, 5, 8},  // U+004E
    {341, 7, 1, 8, 6, 8},  // U+004F
    {349, 7, 1, 8, 6, 8},  // U+0050
    {357, 7, 1, 8, 6, 10},  // U+0051
    {367, 7, 1, 8, 6, 8},  // U+0052
    {375, 7, 1, 8, 5, 8},  // U+0053
    {383, 7, 0, 8, 7, 8},  // U+0054
    {391, 7, 1, 8, 5, 8},  // U+0055
    {399, 7, 1, 8, 6, 8},  // U+0056
    {407, 7, 0, 8, 7, 8},  // U+0057
    {415, 7, 1, 8, 6, 8},  // U+0058
    {423, 7, 0, 8, 7, 8},  // U+0059
    {431, 7, 1, 8, 6, 8},  // U+005A
    {439, 7, 3, 9, 3, 11},  // U+005B
    {450, 7, 1, 9, 5, 11},  // U+005C
    {461, 7, 1, 9, 4, 11},  // U+005D
    {472, 7, 1, 8, 5, 5},  // U+005E
    {477, 7, 1, -1, 6, 1},  // U+005F
    {478, 7, 2, 9, 2, 2},  // U+0060
    {480, 7, 1, 6, 6, 6},  // U+0061
    {486, 7, 1, 9, 5, 9},  // U+0062
    {495, 7, 1, 6, 5, 6},  // U+0063
    {501, 7, 1, 9, 5, 9},  // U+0064
    {510, 7, 1, 6, 5, 6},  // U+0065
    {516, 7, 1, 9, 6, 9},  // U+0066
    {525, 7, 1, 7, 6, 9},  // U+0067
    {534, 7, 1, 9, 5, 9},  // U+0068
    {543, 7, 1, 9, 6, 9},  // U+0069
    {552, 7, 1, 9, 4, 11},  // U+006A
    {563, 7, 1, 9, 6, 9},  // U+006B
    {572, 7, 1, 9, 5, 9},  // U+006C
    {581, 7, 1, 6, 6, 6},  // U+006D
    {587, 7, 1, 6, 5, 6},  // U+006E
    {593, 7, 1, 6, 5, 6},  // U+006F
    {599, 7, 1, 6, 5, 8},  // U+0070
    {607, 7, 1, 6, 5, 8},  // U+0071
    {615, 7, 1, 6, 6, 6},  // U+0072
    {621, 7, 1, 6, 5, 6},  // U+0073
    {627, 7, 0, 8, 6, 8},  // U+0074
    {635, 7, 1, 6, 5, 6},  // U+0075
    {641, 7, 1, 6, 5, 6},  // U+0076
    {647, 7, 0, 6, 7, 6},  // U+0077
    {653, 7, 1, 6, 5, 6},  // U+0078
    {659, 7, 1, 6, 5, 8},  // U+0079
    {667, 7, 1, 6, 5, 6},  // U+007A
    {673, 7, 1, 9, 5, 11},  // U+007B
    {684, 7, 3, 9, 1, 11},  // U+007C
    {695, 7, 1, 9, 5, 11},  // U+007D
    {706, 7, 1, 5, 5, 3},  // U+007E
    {709, 7, 3, 5, 1, 2},  // U+00B7
    {711, 7, 2, 5, 3, 3},  // U+2022
    {714, 7, 0, 7, 7, 5},  // U+2192
    {719, 7, 0, 7, 7, 5},  // U+2190
    {724, 7, 1, 2, 6, 2},  // U+2026
    {726, 7, 1, 4, 6, 1},  // U+2013
    {727, 7, 0, 4, 7, 1},  // U+2014
    {728, 7, 2, 8, 4, 4},  // U+00B0
    {732, 7, 1, 7, 5, 7},  // U+00B1
    {739, 7, 1, 6, 5, 5},  // U+00D7
};
static const uint16_t k_mono11_cps[] = {
    32, 33, 34, 35, 36, 37, 38, 39, 40, 41, 42, 43,
    44, 45, 46, 47, 48, 49, 50, 51, 52, 53, 54, 55,
    56, 57, 58, 59, 60, 61, 62, 63, 64, 65, 66, 67,
    68, 69, 70, 71, 72, 73, 74, 75, 76, 77, 78, 79,
    80, 81, 82, 83, 84, 85, 86, 87, 88, 89, 90, 91,
    92, 93, 94, 95, 96, 97, 98, 99, 100, 101, 102, 103,
    104, 105, 106, 107, 108, 109, 110, 111, 112, 113, 114, 115,
    116, 117, 118, 119, 120, 121, 122, 123, 124, 125, 126, 183,
    8226, 8594, 8592, 8230, 8211, 8212, 176, 177, 215,
};
const beacon_font_t beacon_font_mono11 = {
    .name = "mono11",
    .ascent = 13,
    .descent = 4,
    .line_height = 17,
    .count = 105,
    .codepoints = k_mono11_cps,
    .glyphs = k_mono11_glyphs,
    .bits = k_mono11_bits,
};

static const uint8_t k_mono11b_bits[] = {
    0x80, 0x80, 0x80, 0x80, 0x80, 0x00, 0xc0, 0xc0, 0xb0, 0xb0, 0xb0, 0xa0, 0x34, 0x34, 0x6e, 0x28, 0x28, 0xee, 0x68, 0x58,
    0x20, 0x78, 0xa8, 0xa0, 0xf0, 0x38, 0x2c, 0xac, 0xf8, 0x20, 0x62, 0x94, 0x9c, 0x60, 0x0c, 0x3a, 0x5a, 0xcc, 0x38, 0x68,
    0x40, 0x60, 0x76, 0xdc, 0xcc, 0x76, 0x80, 0x80, 0x80, 0x80, 0x30, 0x60, 0x40, 0xc0, 0xc0, 0xc0, 0xc0, 0xc0, 0x40, 0x60,
    0x30, 0xc0, 0x60, 0x20, 0x30, 0x10, 0x10, 0x10, 0x30, 0x20, 0x60, 0xc0, 0x20, 0x20, 0xfc, 0x70, 0x70, 0xc8, 0x20, 0x20,
    0xf8, 0x20, 0x20, 0x60, 0x40, 0xc0, 0xc0, 0xe0, 0xc0, 0xc0, 0x08, 0x18, 0x10, 0x10, 0x30, 0x20, 0x20, 0x60, 0x40, 0xc0,
    0xc0, 0x38, 0x64, 0x46, 0xc6, 0xd6, 0x56, 0x64, 0x38, 0x70, 0xf0, 0xb0, 0x30, 0x30, 0x30, 0x30, 0xfc, 0x70, 0x98, 0x08,
    0x18, 0x30, 0x60, 0xc0, 0xfc, 0xf8, 0x98, 0x18, 0x70, 0x18, 0x0c, 0x98, 0xf0, 0x1c, 0x1c, 0x2c, 0x6c, 0x4c, 0xfe, 0x0c,
    0x0c, 0xf8, 0x80, 0x80, 0xb8, 0x8c, 0x0c, 0x88, 0xf0, 0x30, 0x60, 0xc0, 0xf8, 0xcc, 0x8c, 0xc8, 0x78, 0xfc, 0x88, 0x98,
    0x18, 0x30, 0x30, 0x20, 0x60, 0x78, 0xc8, 0xc8, 0x70, 0xc8, 0x8c, 0xc8, 0x78, 0x38, 0x64, 0xc6, 0x66, 0x7c, 0x0c, 0x18,
    0x30, 0xc0, 0xc0, 0x00, 0x00, 0xc0, 0xc0, 0x60, 0x60, 0x00, 0x00, 0x60, 0x40, 0xc0, 0xc0, 0x08, 0x38, 0xe0, 0xc0, 0xe0,
    0x38, 0x08, 0xf8, 0x00, 0xf8, 0x80, 0xe0, 0x38, 0x18, 0x38, 0xe0, 0x80, 0x70, 0xd8, 0x18, 0x38, 0x20, 0x00, 0x60, 0x60,
    0x70, 0xc8, 0xbc, 0xac, 0xac, 0xac, 0xbc, 0xc0, 0x70, 0x38, 0x38, 0x28, 0x6c, 0x6c, 0x7c, 0x46, 0xc6, 0xf8, 0xc8, 0xc8,
    0xf8, 0xc8, 0xcc, 0xc8, 0xf8, 0x78, 0xcc, 0x80, 0x80, 0x80, 0x80, 0xcc, 0x78, 0xf0, 0x98, 0x8c, 0x8c, 0x8c, 0x8c, 0x98,
    0xf0, 0xf8, 0xc0, 0xc0, 0xf8, 0xc0, 0xc0, 0xc0, 0xf8, 0xfc, 0xc0, 0xc0, 0xf8, 0xc0, 0xc0, 0xc0, 0xc0, 0x38, 0x64, 0x40,
    0x40, 0xdc, 0x44, 0x64, 0x34, 0x88, 0x88, 0x88, 0xf8, 0x88, 0x88, 0x88, 0x88, 0xf8, 0x20, 0x20, 0x20, 0x20, 0x20, 0x20,
    0xf8, 0x78, 0x18, 0x18, 0x18, 0x18, 0x18, 0x98, 0xf0, 0x8c, 0x98, 0xb0, 0xf0, 0xf0, 0xd8, 0x98, 0x8c, 0xc0, 0xc0, 0xc0,
    0xc0, 0xc0, 0xc0, 0xc0, 0xfc, 0xcc, 0xdc, 0xfc, 0xbc, 0xac, 0x8c, 0x8c, 0x8c, 0xc8, 0xc8, 0xe8, 0xa8, 0xb8, 0xb8, 0x98,
    0x98, 0x38, 0x64, 0x46, 0xc6, 0xc6, 0x46, 0x64, 0x38, 0xf8, 0xc8, 0xcc, 0xc8, 0xf8, 0xc0, 0xc0, 0xc0, 0x38, 0x64, 0x46,
    0xc6, 0xc6, 0x46, 0x64, 0x38, 0x10, 0x1c, 0xf8, 0xc8, 0xcc, 0xcc, 0xf8, 0xd0, 0xd8, 0xcc, 0x78, 0xc8, 0x80, 0xf0, 0x38,
    0x0c, 0x88, 0xf8, 0xfe, 0x10, 0x10, 0x10, 0x10, 0x10, 0x10, 0x10, 0x88, 0x88, 0x88, 0x88, 0x88, 0x88, 0xc8, 0x78, 0xc6,
    0x46, 0x64, 0x6c, 0x6c, 0x28, 0x38, 0x38, 0xc2, 0xc2, 0xd6, 0xde, 0xfe, 0x6e, 0x6e, 0x6c, 0x46, 0x6c, 0x38, 0x38, 0x38,
    0x2c, 0x6c, 0xc6, 0xc6, 0x64, 0x6c, 0x38, 0x38, 0x10, 0x10, 0x10, 0xfc, 0x18, 0x18, 0x30, 0x60, 0x40, 0xc0, 0xfc, 0xf0,
    0xc0, 0xc0, 0xc0, 0xc0, 0xc0, 0xc0, 0xc0, 0xc0, 0xc0, 0xf0, 0xc0, 0xc0, 0x40, 0x60, 0x20, 0x20, 0x30, 0x10, 0x10, 0x18,
    0x08, 0xf0, 0x10, 0x10, 0x10, 0x10, 0x10, 0x10, 0x10, 0x10, 0x10, 0xf0, 0x70, 0x70, 0xd8, 0xc8, 0x8c, 0xfc, 0xc0, 0x40,
    0xf0, 0x98, 0x18, 0xf8, 0x98, 0xec, 0x80, 0x80, 0x80, 0xf8, 0xc8, 0x8c, 0x8c, 0xc8, 0xf8, 0x78, 0xc8, 0x80, 0x80, 0xc8,
    0x78, 0x08, 0x08, 0x08, 0xe8, 0xc8, 0x88, 0x88, 0xc8, 0xe8, 0x70, 0xc8, 0xfc, 0x80, 0xc8, 0x78, 0x3c, 0x20, 0x20, 0xfc,
    0x20, 0x20, 0x20, 0x20, 0xf8, 0x0c, 0x78, 0xd8, 0xd8, 0x70, 0x80, 0xf8, 0x8c, 0xf8, 0x80, 0x80, 0x80, 0xb8, 0x88, 0x88,
    0x88, 0x88, 0x88, 0x30, 0x30, 0x00, 0xf0, 0x30, 0x30, 0x30, 0x30, 0xfc, 0x10, 0x10, 0x00, 0xf0, 0x10, 0x10, 0x10, 0x10,
    0x10, 0x10, 0xf0, 0x80, 0x80, 0x80, 0x98, 0xb0, 0xf0, 0xf0, 0x98, 0x8c, 0xe0, 0x20, 0x20, 0x20, 0x20, 0x20, 0x20, 0x20,
    0xf8, 0xfc, 0xd6, 0xd6, 0xd6, 0xd6, 0xd6, 0xb8, 0x88, 0x88, 0x88, 0x88, 0x88, 0x70, 0xc8, 0x8c, 0x8c, 0xc8, 0x70, 0xf8,
    0xc8, 0x8c, 0x8c, 0xc8, 0xf8, 0x80, 0x80, 0xe8, 0xc8, 0x88, 0x88, 0xc8, 0xe8, 0x08, 0x08, 0xec, 0x60, 0x60, 0x60, 0x60,
    0xf8, 0x78, 0xc0, 0xf0, 0x38, 0x88, 0xf8, 0x30, 0x30, 0xfc, 0x30, 0x30, 0x30, 0x30, 0x1c, 0x88, 0x88, 0x88, 0x88, 0xd8,
    0x78, 0x8c, 0xc8, 0xd8, 0x50, 0x70, 0x70, 0xd2, 0xda, 0xfe, 0x6e, 0x6c, 0x6c, 0xc8, 0x58, 0x70, 0x70, 0x58, 0x88, 0x8c,
    0xc8, 0xd8, 0x50, 0x70, 0x20, 0x20, 0xc0, 0xf8, 0x18, 0x30, 0x60, 0xc0, 0xf8, 0x38, 0x20, 0x20, 0x30, 0x30, 0xe0, 0x30,
    0x30, 0x20, 0x20, 0x38, 0x80, 0x80, 0x80, 0x80, 0x80, 0x80, 0x80, 0x80, 0x80, 0x80, 0x80, 0xe0, 0x30, 0x30, 0x20, 0x60,
    0x38, 0x60, 0x20, 0x30, 0x30, 0xe0, 0xcc, 0xa8, 0x98, 0xc0, 0xc0, 0xe0, 0xe0, 0xe0, 0x08, 0x0c, 0xfe, 0x0c, 0x08, 0x20,
    0x60, 0xfe, 0x60, 0x20, 0xac, 0xac, 0xfc, 0xfe, 0x70, 0xd8, 0xd8, 0x70, 0x20, 0x20, 0xf8, 0x20, 0x20, 0x00, 0xf8, 0x88,
    0xd8, 0x70, 0x70, 0xd8,
};
static const beacon_glyph_t k_mono11b_glyphs[] = {
    {0, 7, 0, 0, 0, 0},  // U+0020
    {0, 7, 3, 8, 2, 8},  // U+0021
    {8, 7, 2, 9, 4, 4},  // U+0022
    {12, 7, 0, 8, 7, 8},  // U+0023
    {20, 7, 1, 9, 6, 10},  // U+0024
    {30, 7, 0, 8, 7, 8},  // U+0025
    {38, 7, 0, 8, 7, 8},  // U+0026
    {46, 7, 3, 9, 1, 4},  // U+0027
    {50, 7, 2, 9, 4, 11},  // U+0028
    {61, 7, 1, 9, 4, 11},  // U+0029
    {72, 7, 1, 7, 6, 6},  // U+002A
    {78, 7, 1, 6, 5, 5},  // U+002B
    {83, 7, 2, 2, 3, 4},  // U+002C
    {87, 7, 2, 4, 3, 1},  // U+002D
    {88, 7, 3, 2, 2, 2},  // U+002E
    {90, 7, 1, 9, 5, 11},  // U+002F
    {101, 7, 0, 8, 7, 8},  // U+0030
    {109, 7, 1, 8, 6, 8},  // U+0031
    {117, 7, 1, 8, 6, 8},  // U+0032
    {125, 7, 1, 8, 6, 8},  // U+0033
    {133, 7, 0, 8, 7, 8},  // U+0034
    {141, 7, 1, 8, 6, 8},  // U+0035
    {149, 7, 1, 8, 6, 8},  // U+0036
    {157, 7, 1, 8, 6, 8},  // U+0037
    {165, 7, 1, 8, 6, 8},  // U+0038
    {173, 7, 0, 8, 7, 8},  // U+0039
    {181, 7, 3, 6, 2, 6},  // U+003A
    {187, 7, 2, 6, 3, 8},  // U+003B
    {195, 7, 1, 7, 5, 7},  // U+003C
    {202, 7, 1, 5, 5, 3},  // U+003D
    {205, 7, 1, 7, 5, 7},  // U+003E
    {212, 7, 1, 8, 5, 8},  // U+003F
    {220, 7, 1, 8, 6, 9},  // U+0040
    {229, 7, 0, 8, 7, 8},  // U+0041
    {237, 7, 1, 8, 6, 8},  // U+0042
    {245, 7, 1, 8, 6, 8},  // U+0043
    {253, 7, 1, 8, 6, 8},  // U+0044
    {261, 7, 1, 8, 5, 8},  // U+0045
    {269, 7, 1, 8, 6, 8},  // U+0046
    {277, 7, 0, 8, 6, 8},  // U+0047
    {285, 7, 1, 8, 5, 8},  // U+0048
    {293, 7, 1, 8, 5, 8},  // U+0049
    {301, 7, 1, 8, 5, 8},  // U+004A
    {309, 7, 1, 8, 6, 8},  // U+004B
    {317, 7, 1, 8, 6, 8},  // U+004C
    {325, 7, 1, 8, 6, 8},  // U+004D
    {333, 7, 1, 8, 5, 8},  // U+004E
    {341, 7, 0, 8, 7, 8},  // U+004F
    {349, 7, 1, 8, 6, 8},  // U+0050
    {357, 7, 0, 8, 7, 10},  // U+0051
    {367, 7, 1, 8, 6, 8},  // U+0052
    {375, 7, 1, 8, 6, 8},  // U+0053
    {383, 7, 0, 8, 7, 8},  // U+0054
    {391, 7, 1, 8, 5, 8},  // U+0055
    {399, 7, 0, 8, 7, 8},  // U+0056
    {407, 7, 0, 8, 7, 8},  // U+0057
    {415, 7, 0, 8, 7, 8},  // U+0058
    {423, 7, 0, 8, 7, 8},  // U+0059
    {431, 7, 1, 8, 6, 8},  // U+005A
    {439, 7, 2, 9, 4, 11},  // U+005B
    {450, 7, 1, 9, 5, 11},  // U+005C
    {461, 7, 1, 9, 4, 11},  // U+005D
    {472, 7, 1, 8, 6, 5},  // U+005E
    {477, 7, 1, -1, 6, 1},  // U+005F
    {478, 7, 2, 9, 2, 2},  // U+0060
    {480, 7, 1, 6, 6, 6},  // U+0061
    {486, 7, 1, 9, 6, 9},  // U+0062
    {495, 7, 1, 6, 5, 6},  // U+0063
    {501, 7, 1, 9, 5, 9},  // U+0064
    {510, 7, 1, 6, 6, 6},  // U+0065
    {516, 7, 1, 9, 6, 9},  // U+0066
    {525, 7, 1, 7, 6, 9},  // U+0067
    {534, 7, 1, 9, 5, 9},  // U+0068
    {543, 7, 1, 9, 6, 9},  // U+0069
    {552, 7, 1, 9, 4, 11},  // U+006A
    {563, 7, 1, 9, 6, 9},  // U+006B
    {572, 7, 1, 9, 5, 9},  // U+006C
    {581, 7, 0, 6, 7, 6},  // U+006D
    {587, 7, 1, 6, 5, 6},  // U+006E
    {593, 7, 1, 6, 6, 6},  // U+006F
    {599, 7, 1, 6, 6, 8},  // U+0070
    {607, 7, 1, 6, 5, 8},  // U+0071
    {615, 7, 1, 6, 6, 6},  // U+0072
    {621, 7, 1, 6, 5, 6},  // U+0073
    {627, 7, 0, 8, 6, 8},  // U+0074
    {635, 7, 1, 6, 5, 6},  // U+0075
    {641, 7, 1, 6, 6, 6},  // U+0076
    {647, 7, 0, 6, 7, 6},  // U+0077
    {653, 7, 1, 6, 5, 6},  // U+0078
    {659, 7, 1, 6, 6, 8},  // U+0079
    {667, 7, 1, 6, 5, 6},  // U+007A
    {673, 7, 1, 9, 5, 11},  // U+007B
    {684, 7, 3, 9, 1, 11},  // U+007C
    {695, 7, 1, 9, 5, 11},  // U+007D
    {706, 7, 1, 5, 6, 3},  // U+007E
    {709, 7, 3, 5, 2, 2},  // U+00B7
    {711, 7, 2, 5, 3, 3},  // U+2022
    {714, 7, 0, 7, 7, 5},  // U+2192
    {719, 7, 0, 7, 7, 5},  // U+2190
    {724, 7, 1, 2, 6, 2},  // U+2026
    {726, 7, 1, 4, 6, 1},  // U+2013
    {727, 7, 0, 4, 7, 1},  // U+2014
    {728, 7, 1, 8, 5, 4},  // U+00B0
    {732, 7, 1, 7, 5, 7},  // U+00B1
    {739, 7, 1, 6, 5, 5},  // U+00D7
};
static const uint16_t k_mono11b_cps[] = {
    32, 33, 34, 35, 36, 37, 38, 39, 40, 41, 42, 43,
    44, 45, 46, 47, 48, 49, 50, 51, 52, 53, 54, 55,
    56, 57, 58, 59, 60, 61, 62, 63, 64, 65, 66, 67,
    68, 69, 70, 71, 72, 73, 74, 75, 76, 77, 78, 79,
    80, 81, 82, 83, 84, 85, 86, 87, 88, 89, 90, 91,
    92, 93, 94, 95, 96, 97, 98, 99, 100, 101, 102, 103,
    104, 105, 106, 107, 108, 109, 110, 111, 112, 113, 114, 115,
    116, 117, 118, 119, 120, 121, 122, 123, 124, 125, 126, 183,
    8226, 8594, 8592, 8230, 8211, 8212, 176, 177, 215,
};
const beacon_font_t beacon_font_mono11b = {
    .name = "mono11b",
    .ascent = 13,
    .descent = 4,
    .line_height = 17,
    .count = 105,
    .codepoints = k_mono11b_cps,
    .glyphs = k_mono11b_glyphs,
    .bits = k_mono11b_bits,
};

